apts_url,beds,baths,sqft,price
https://www.apartments.com/the-lucky-los-angeles-ca/ne884hn/,2.0,2.0,1060.0,3495.0
https://www.apartments.com/lido-apartments-los-angeles-ca/9nkznr5/,2.0,2.0,987.0,2895.0
https://www.apartments.com/966-s-kenmore-los-angeles-ca/rxlr640/,0.0,1.0,519.0,1559.0
https://www.apartments.com/966-s-kenmore-los-angeles-ca/rxlr640/,1.0,1.0,628.0,1798.0
https://www.apartments.com/966-s-kenmore-los-angeles-ca/rxlr640/,2.0,2.0,965.0,2846.0
https://www.apartments.com/violet-on-virgil-los-angeles-ca/rfx7km0/,0.0,1.0,427.0,1425.0
https://www.apartments.com/violet-on-virgil-los-angeles-ca/rfx7km0/,2.0,2.0,960.0,2299.0
https://www.apartments.com/palazzo-east-apartments-los-angeles-ca/32ghtcd/,1.0,1.0,830.0,2740.0
https://www.apartments.com/palazzo-east-apartments-los-angeles-ca/32ghtcd/,2.0,2.0,1248.0,3915.0
https://www.apartments.com/115-s-st-andrews-place-los-angeles-ca/53xffqm/,2.0,2.5,1220.0,3895.0
https://www.apartments.com/hwh-luxury-living-up-to-8-weeks-free-los-angeles-ca/qp5npbz/,0.0,1.0,500.0,1893.0
https://www.apartments.com/hwh-luxury-living-up-to-8-weeks-free-los-angeles-ca/qp5npbz/,1.0,1.0,900.0,4570.0
https://www.apartments.com/hwh-luxury-living-up-to-8-weeks-free-los-angeles-ca/qp5npbz/,2.0,2.0,1050.0,6153.0
https://www.apartments.com/hwh-luxury-living-up-to-8-weeks-free-los-angeles-ca/qp5npbz/,3.0,1.5,1200.0,6800.0
https://www.apartments.com/hwh-luxury-living-up-to-8-weeks-free-los-angeles-ca/qp5npbz/,3.0,2.0,1650.0,8715.0
https://www.apartments.com/the-chadwick-los-angeles-ca/jzr53m6/,0.0,1.0,378.0,1148.0
https://www.apartments.com/the-chadwick-los-angeles-ca/jzr53m6/,1.0,1.0,648.0,1479.0
https://www.apartments.com/the-chadwick-los-angeles-ca/jzr53m6/,2.0,2.0,1134.0,2142.0
https://www.apartments.com/the-apartment-residences-at-aka-los-angeles-ca/x4brlmm/,0.0,1.0,607.0,3790.0
https://www.apartments.com/el-centro-apartments-and-bungalows-los-angeles-ca/m5m52rl/,0.0,1.0,807.0,3135.0
https://www.apartments.com/el-centro-apartments-and-bungalows-los-angeles-ca/m5m52rl/,1.0,2.0,1512.0,4970.0
https://www.apartments.com/aven-los-angeles-ca/h8k26b1/,0.0,1.0,460.0,2023.0
https://www.apartments.com/aven-los-angeles-ca/h8k26b1/,3.0,3.5,2980.0,19350.0
https://www.apartments.com/hope-flower-los-angeles-ca/qev9wcx/,0.0,1.0,522.0,2417.0
https://www.apartments.com/hope-flower-los-angeles-ca/qev9wcx/,1.0,1.0,702.0,3561.0
https://www.apartments.com/hope-flower-los-angeles-ca/qev9wcx/,2.0,1.0,801.0,3489.0
https://www.apartments.com/hope-flower-los-angeles-ca/qev9wcx/,2.0,2.0,1001.0,4199.0
https://www.apartments.com/hope-flower-los-angeles-ca/qev9wcx/,2.0,3.0,1677.0,6452.0
https://www.apartments.com/hope-flower-los-angeles-ca/qev9wcx/,3.0,3.0,2857.0,20071.0
https://www.apartments.com/ava-hollywood-at-la-pietra-place-los-angeles-ca/jplj494/,2.0,2.5,961.0,6965.0
https://www.apartments.com/ava-hollywood-at-la-pietra-place-los-angeles-ca/jplj494/,3.0,2.5,1444.0,5155.0
https://www.apartments.com/ava-hollywood-at-la-pietra-place-los-angeles-ca/jplj494/,4.0,2.0,1277.0,4795.0
https://www.apartments.com/linea-los-angeles-ca/7mg62ty/,0.0,1.0,515.0,3182.0
https://www.apartments.com/linea-los-angeles-ca/7mg62ty/,1.0,1.5,1110.0,6447.0
https://www.apartments.com/linea-los-angeles-ca/7mg62ty/,2.0,3.0,1356.0,9411.0
https://www.apartments.com/linea-los-angeles-ca/7mg62ty/,3.0,3.0,1956.0,15111.0
https://www.apartments.com/105-doheny-los-angeles-ca/3msf6ff/,1.0,1.5,1000.0,7200.0
https://www.apartments.com/105-doheny-los-angeles-ca/3msf6ff/,2.0,1.5,1500.0,9500.0
https://www.apartments.com/aspire-apartments-at-csun-northridge-ca/h5wvd83/,1.0,1.0,575.0,1995.0
https://www.apartments.com/aspire-apartments-at-csun-northridge-ca/h5wvd83/,2.0,2.0,925.0,2995.0
https://www.apartments.com/aspire-apartments-at-csun-northridge-ca/h5wvd83/,3.0,3.0,1123.0,4995.0
https://www.apartments.com/canvas-la-los-angeles-ca/rqxgnp1/,3.0,3.0,1956.0,4469.0
https://www.apartments.com/717-olympic-los-angeles-ca/vzswhzg/,1.0,1.0,792.0,2832.0
https://www.apartments.com/717-olympic-los-angeles-ca/vzswhzg/,2.0,2.5,2211.0,6479.0
https://www.apartments.com/trademark-los-angeles-ca/40jfxjh/,0.0,1.0,631.0,2525.0
https://www.apartments.com/trademark-los-angeles-ca/40jfxjh/,1.0,1.0,621.0,2570.0
https://www.apartments.com/trademark-los-angeles-ca/40jfxjh/,3.0,2.0,1285.0,5015.0
https://www.apartments.com/the-vineyards-apartments-at-porter-ranch-porter-ranch-ca/cenr3td/,0.0,1.0,618.0,1915.0
https://www.apartments.com/the-vineyards-apartments-at-porter-ranch-porter-ranch-ca/cenr3td/,1.0,1.0,830.0,2283.0
https://www.apartments.com/the-vineyards-apartments-at-porter-ranch-porter-ranch-ca/cenr3td/,2.0,2.0,1161.0,2850.0
https://www.apartments.com/the-vineyards-apartments-at-porter-ranch-porter-ranch-ca/cenr3td/,3.0,2.0,1401.0,3425.0
https://www.apartments.com/panorama-tower-van-nuys-ca/q4ckk5w/,0.0,1.0,650.0,0.0
https://www.apartments.com/shores-now-touring-w-amazing-specials-marina-del-rey-ca/wklt13k/,1.0,1.0,762.0,3395.0
https://www.apartments.com/shores-now-touring-w-amazing-specials-marina-del-rey-ca/wklt13k/,2.0,2.0,1086.0,4695.0
https://www.apartments.com/stella-by-common-marina-del-rey-ca/47xm0nh/,0.0,1.0,528.0,0.0
https://www.apartments.com/stella-by-common-marina-del-rey-ca/47xm0nh/,1.0,1.0,710.0,4811.0
https://www.apartments.com/stella-by-common-marina-del-rey-ca/47xm0nh/,2.0,2.0,1003.0,2330.0
https://www.apartments.com/stella-by-common-marina-del-rey-ca/47xm0nh/,3.0,2.0,1376.0,3233.0
https://www.apartments.com/g8-by-clg-marina-del-rey-ca/9cp0475/,0.0,1.0,513.0,6499.0
https://www.apartments.com/g8-by-clg-marina-del-rey-ca/9cp0475/,1.0,1.0,829.0,2499.0
https://www.apartments.com/g8-by-clg-marina-del-rey-ca/9cp0475/,2.0,2.0,1550.0,4245.0
https://www.apartments.com/24-north-chatsworth-ca/gmy3l7y/,1.0,1.0,711.0,2300.0
https://www.apartments.com/24-north-chatsworth-ca/gmy3l7y/,2.0,2.0,1050.0,3475.0
https://www.apartments.com/4025-grand-view-blvd-culver-city-ca-culver-city-ca/8rbhex0/,3.0,2.5,1600.0,4495.0
https://www.apartments.com/imt-6500-van-nuys-ca/6n5jy9r/,1.0,1.0,714.0,2095.0
https://www.apartments.com/imt-6500-van-nuys-ca/6n5jy9r/,2.0,2.0,1153.0,3085.0
https://www.apartments.com/eaves-woodland-hills-woodland-hills-ca/pwm6jhr/,1.0,1.0,664.0,1718.0
https://www.apartments.com/eaves-woodland-hills-woodland-hills-ca/pwm6jhr/,2.0,2.0,988.0,2174.0
https://www.apartments.com/madison-toluca-north-hollywood-ca/7zclk4z/,2.0,2.0,871.0,2600.0
https://www.apartments.com/vert-apartments-canoga-park-ca/tc615y8/,1.0,1.0,1087.0,3470.0
https://www.apartments.com/vert-apartments-canoga-park-ca/tc615y8/,1.0,2.0,1356.0,3575.0
https://www.apartments.com/vert-apartments-canoga-park-ca/tc615y8/,2.0,2.0,1173.0,3690.0
https://www.apartments.com/the-r2-by-clg-los-angeles-ca/fjy5svt/,1.0,2.0,600.0,2699.0
https://www.apartments.com/the-r2-by-clg-los-angeles-ca/fjy5svt/,2.0,2.0,1600.0,5049.0
https://www.apartments.com/marina-tower-marina-del-rey-ca/1929r57/,0.0,1.0,450.0,2195.0
https://www.apartments.com/marina-tower-marina-del-rey-ca/1929r57/,1.0,1.0,750.0,2495.0
https://www.apartments.com/ava-burbank-burbank-ca/5v597vq/,1.0,1.0,700.0,2067.0
https://www.apartments.com/ava-burbank-burbank-ca/5v597vq/,2.0,1.0,875.0,2294.0
https://www.apartments.com/ava-burbank-burbank-ca/5v597vq/,2.0,2.0,1194.0,2480.0
https://www.apartments.com/hampshire-place-los-angeles-ca/dr58z7k/,1.0,1.0,589.0,1904.0
https://www.apartments.com/hampshire-place-los-angeles-ca/dr58z7k/,0.0,1.0,455.0,1675.0
https://www.apartments.com/palms-court-los-angeles-ca/mcjnykh/,2.0,2.0,1040.0,2995.0
https://www.apartments.com/alina-los-angeles-ca/tltn528/,0.0,1.0,715.0,2835.0
https://www.apartments.com/lumina-hollywood-los-angeles-ca/nrmg09n/,0.0,1.0,576.0,2046.0
https://www.apartments.com/lumina-hollywood-los-angeles-ca/nrmg09n/,1.0,1.0,690.0,2427.0
https://www.apartments.com/lumina-hollywood-los-angeles-ca/nrmg09n/,2.0,1.0,911.0,3230.0
https://www.apartments.com/7950-west-sunset-los-angeles-ca/8h53150/,0.0,1.0,591.0,2133.0
https://www.apartments.com/7950-west-sunset-los-angeles-ca/8h53150/,1.0,1.0,780.0,2508.0
https://www.apartments.com/the-glendon-los-angeles-ca/xvfrs5n/,1.0,1.0,857.0,3050.0
https://www.apartments.com/the-glendon-los-angeles-ca/xvfrs5n/,2.0,2.0,1209.0,4595.0
https://www.apartments.com/the-glendon-los-angeles-ca/xvfrs5n/,2.0,2.5,1466.0,4995.0
https://www.apartments.com/the-glendon-los-angeles-ca/xvfrs5n/,3.0,3.0,1500.0,5695.0
https://www.apartments.com/sunset-vine-tower-los-angeles-ca/l2qp91d/,1.0,1.0,858.0,3814.0
https://www.apartments.com/sunset-vine-tower-los-angeles-ca/l2qp91d/,1.0,2.0,1110.0,5032.0
https://www.apartments.com/the-gershwin-los-angeles-ca/kymc268/,0.0,1.0,622.0,1995.0
https://www.apartments.com/the-gershwin-los-angeles-ca/kymc268/,1.0,1.0,755.0,1995.0
https://www.apartments.com/the-gershwin-los-angeles-ca/kymc268/,2.0,1.0,572.0,2149.0
https://www.apartments.com/the-gershwin-los-angeles-ca/kymc268/,2.0,1.5,760.0,2999.0
https://www.apartments.com/modera-hollywood-los-angeles-ca/zmm3ydz/,0.0,1.0,481.0,2925.0
https://www.apartments.com/modera-hollywood-los-angeles-ca/zmm3ydz/,1.0,1.0,830.0,3954.0
https://www.apartments.com/modera-hollywood-los-angeles-ca/zmm3ydz/,2.0,2.0,944.0,4652.0
https://www.apartments.com/modera-hollywood-los-angeles-ca/zmm3ydz/,2.0,1.5,944.0,4340.0
https://www.apartments.com/modera-hollywood-los-angeles-ca/zmm3ydz/,3.0,2.0,1215.0,7860.0
https://www.apartments.com/woodcliff-apartments-los-angeles-ca/z23h3gx/,0.0,1.0,550.0,2075.0
https://www.apartments.com/woodcliff-apartments-los-angeles-ca/z23h3gx/,1.0,2.0,1000.0,2625.0
https://www.apartments.com/playa-summit-los-angeles-ca/6qn3ezv/,1.0,1.0,700.0,1955.0
https://www.apartments.com/playa-summit-los-angeles-ca/6qn3ezv/,1.0,2.0,866.0,2395.0
https://www.apartments.com/playa-summit-los-angeles-ca/6qn3ezv/,2.0,2.0,960.0,2480.0
https://www.apartments.com/radius-koreatown-los-angeles-ca/sy1sy95/,0.0,1.0,578.0,0.0
https://www.apartments.com/radius-koreatown-los-angeles-ca/sy1sy95/,1.0,1.0,900.0,0.0
https://www.apartments.com/radius-koreatown-los-angeles-ca/sy1sy95/,2.0,2.0,1030.0,0.0
https://www.apartments.com/sunset-vine-los-angeles-ca/s4s6ps4/,2.0,2.0,1001.0,2870.0
https://www.apartments.com/crosby-los-angeles-ca/ldfhdkg/,0.0,1.0,760.0,2720.0
https://www.apartments.com/crosby-los-angeles-ca/ldfhdkg/,1.0,1.0,863.0,3452.0
https://www.apartments.com/crosby-los-angeles-ca/ldfhdkg/,1.0,1.5,947.0,3875.0
https://www.apartments.com/crosby-los-angeles-ca/ldfhdkg/,2.0,1.0,823.0,2855.0
https://www.apartments.com/crosby-los-angeles-ca/ldfhdkg/,2.0,2.0,1291.0,4260.0
https://www.apartments.com/crosby-los-angeles-ca/ldfhdkg/,2.0,2.5,1456.0,6195.0
https://www.apartments.com/crosby-los-angeles-ca/ldfhdkg/,3.0,3.0,1438.0,4670.0
https://www.apartments.com/crosby-los-angeles-ca/ldfhdkg/,3.0,2.5,1621.0,6095.0
https://www.apartments.com/circa-la-los-angeles-ca/ss4bxl4/,1.0,1.0,923.0,4525.0
https://www.apartments.com/circa-la-los-angeles-ca/ss4bxl4/,2.0,2.0,1285.0,5145.0
https://www.apartments.com/circa-la-los-angeles-ca/ss4bxl4/,2.0,2.5,1898.0,8180.0
https://www.apartments.com/circa-la-los-angeles-ca/ss4bxl4/,3.0,3.5,2878.0,17725.0
https://www.apartments.com/circa-la-los-angeles-ca/ss4bxl4/,3.0,4.0,3842.0,23550.0
https://www.apartments.com/park-fifth-los-angeles-ca/dnd9tsh/,3.0,2.0,1505.0,6410.0
https://www.apartments.com/atelier-apartments-los-angeles-ca/hk60zl1/,0.0,1.0,473.0,2135.0
https://www.apartments.com/eaves-los-feliz-los-angeles-ca/h6j5rw0/,1.0,1.0,750.0,2209.0
https://www.apartments.com/medici-los-angeles-ca/ln7xd0d/,0.0,1.0,468.0,1914.0
https://www.apartments.com/medici-los-angeles-ca/ln7xd0d/,1.0,1.0,617.0,2101.0
https://www.apartments.com/medici-los-angeles-ca/ln7xd0d/,2.0,2.0,946.0,2709.0
https://www.apartments.com/the-emerson-los-angeles-ca/tmcxvd8/,0.0,1.0,599.0,2595.0
https://www.apartments.com/the-emerson-los-angeles-ca/tmcxvd8/,1.0,1.0,1156.0,2695.0
https://www.apartments.com/romaine-st-luxury-townhomes-los-angeles-ca/kqe0e5c/,1.0,1.5,700.0,2475.0
https://www.apartments.com/romaine-st-luxury-townhomes-los-angeles-ca/kqe0e5c/,2.0,2.0,1225.0,3209.0
https://www.apartments.com/alexandria-luxury-townhomes-los-angeles-ca/mxrwkll/,1.0,1.5,800.0,2600.0
https://www.apartments.com/alexandria-luxury-townhomes-los-angeles-ca/mxrwkll/,2.0,2.0,987.0,2800.0
https://www.apartments.com/museum-terrace-los-angeles-ca/00lmwh1/,1.0,1.0,702.0,2734.0
https://www.apartments.com/museum-terrace-los-angeles-ca/00lmwh1/,2.0,2.0,988.0,2711.0
https://www.apartments.com/amp-lofts-los-angeles-ca/x0mc2hq/,0.0,1.0,544.0,1895.0
https://www.apartments.com/amp-lofts-los-angeles-ca/x0mc2hq/,1.0,1.0,759.0,2725.0
https://www.apartments.com/amp-lofts-los-angeles-ca/x0mc2hq/,2.0,2.5,1449.0,4950.0
https://www.apartments.com/axis-los-angeles-ca/nhxmcjq/,0.0,1.0,511.0,1890.0
https://www.apartments.com/axis-los-angeles-ca/nhxmcjq/,1.0,1.0,636.0,2075.0
https://www.apartments.com/axis-los-angeles-ca/nhxmcjq/,2.0,2.0,1236.0,3160.0
https://www.apartments.com/thea-at-metropolis-los-angeles-ca/77hmelw/,1.0,1.0,863.0,3714.0
https://www.apartments.com/thea-at-metropolis-los-angeles-ca/77hmelw/,1.0,1.5,950.0,4059.0
https://www.apartments.com/thea-at-metropolis-los-angeles-ca/77hmelw/,2.0,2.0,1344.0,5764.0
https://www.apartments.com/thea-at-metropolis-los-angeles-ca/77hmelw/,2.0,2.5,1655.0,6730.0
https://www.apartments.com/thea-at-metropolis-los-angeles-ca/77hmelw/,3.0,2.5,3317.0,27075.0
https://www.apartments.com/7403-los-angeles-ca/77xr18z/,2.0,2.0,990.0,3900.0
https://www.apartments.com/the-grace-los-angeles-ca/414ttvj/,0.0,1.0,602.0,2234.0
https://www.apartments.com/the-grace-los-angeles-ca/414ttvj/,3.0,2.0,1732.0,6875.0
https://www.apartments.com/madrid-los-angeles-ca/chd4nmg/,1.0,1.0,675.0,1825.0
https://www.apartments.com/madrid-los-angeles-ca/chd4nmg/,2.0,2.0,936.0,2425.0
https://www.apartments.com/madrid-los-angeles-ca/chd4nmg/,3.0,2.0,1371.0,3070.0
https://www.apartments.com/beverly-arnaz-los-angeles-ca/ekrw6lm/,1.0,1.0,842.0,2299.0
https://www.apartments.com/beverly-arnaz-los-angeles-ca/ekrw6lm/,2.0,2.0,1100.0,2999.0
https://www.apartments.com/waterstone-at-metro-los-angeles-ca/ys7rgws/,1.0,1.0,670.0,2095.0
https://www.apartments.com/waterstone-at-metro-los-angeles-ca/ys7rgws/,2.0,2.0,852.0,2795.0
https://www.apartments.com/virgil-square-los-angeles-ca/4nw11pl/,0.0,1.0,409.0,1575.0
https://www.apartments.com/virgil-square-los-angeles-ca/4nw11pl/,1.0,1.0,620.0,1820.0
https://www.apartments.com/ava-little-tokyo-los-angeles-ca/vfrceng/,0.0,1.0,642.0,2183.0
https://www.apartments.com/ava-little-tokyo-los-angeles-ca/vfrceng/,2.0,2.5,1193.0,3160.0
https://www.apartments.com/the-5550-los-angeles-ca/6yq288t/,0.0,1.0,635.0,1937.0
https://www.apartments.com/the-5550-los-angeles-ca/6yq288t/,1.0,1.0,927.0,2821.0
https://www.apartments.com/the-5550-los-angeles-ca/6yq288t/,2.0,2.0,1027.0,3301.0
https://www.apartments.com/duet-on-wilcox-los-angeles-ca/z0gleny/,0.0,1.0,370.0,1495.0
https://www.apartments.com/duet-on-wilcox-los-angeles-ca/z0gleny/,1.0,1.0,568.0,1705.0
https://www.apartments.com/duet-on-wilcox-los-angeles-ca/z0gleny/,2.0,1.0,686.0,2355.0
https://www.apartments.com/duet-on-wilcox-los-angeles-ca/z0gleny/,2.0,2.0,863.0,0.0
https://www.apartments.com/eighth-and-grand-los-angeles-ca/yescr5t/,0.0,1.0,543.0,2281.0
https://www.apartments.com/windsor-square-villas-los-angeles-ca/p6zyp5r/,2.0,2.0,1372.0,3793.0
https://www.apartments.com/kodo-los-angeles-ca/9wl3cy7/,2.0,2.0,875.0,3050.0
https://www.apartments.com/davinci-los-angeles-ca/bj5n538/,2.0,2.0,1246.0,2657.0
https://www.apartments.com/422-south-lake-los-angeles-ca/ds3x4vh/,1.0,1.0,746.0,0.0
https://www.apartments.com/la1440-apartments-los-angeles-ca/90wtkx6/,2.0,2.0,909.0,2933.0
https://www.apartments.com/the-lofts-on-la-brea-los-angeles-ca/nl3tpvq/,1.0,1.0,965.0,3350.0
https://www.apartments.com/zen-hollywood-los-angeles-ca/wr9hjth/,0.0,1.0,554.0,3300.0
https://www.apartments.com/zen-hollywood-los-angeles-ca/wr9hjth/,1.0,1.0,1020.0,4850.0
https://www.apartments.com/zen-hollywood-los-angeles-ca/wr9hjth/,2.0,2.0,1393.0,7180.0
https://www.apartments.com/zen-hollywood-los-angeles-ca/wr9hjth/,3.0,2.5,1614.0,5450.0
https://www.apartments.com/zen-hollywood-los-angeles-ca/wr9hjth/,3.0,2.0,1388.0,6821.0
https://www.apartments.com/zen-hollywood-los-angeles-ca/wr9hjth/,3.0,3.0,2025.0,9340.0
https://www.apartments.com/los-altos-apartments-los-angeles-ca/rm5v203/,0.0,1.0,655.0,3200.0
https://www.apartments.com/los-altos-apartments-los-angeles-ca/rm5v203/,1.0,1.0,780.0,3208.0
https://www.apartments.com/los-altos-apartments-los-angeles-ca/rm5v203/,2.0,1.5,900.0,5040.0
https://www.apartments.com/los-altos-apartments-los-angeles-ca/rm5v203/,2.0,2.0,1220.0,5500.0
https://www.apartments.com/los-altos-apartments-los-angeles-ca/rm5v203/,4.0,6.0,3200.0,22000.0
https://www.apartments.com/888-at-grand-hope-park-los-angeles-ca/237rms9/,1.0,1.0,726.0,0.0
https://www.apartments.com/888-at-grand-hope-park-los-angeles-ca/237rms9/,0.0,1.0,490.0,0.0
https://www.apartments.com/legacy-tamarind-los-angeles-ca/77kwrnz/,1.0,1.0,953.0,2800.0
https://www.apartments.com/legacy-tamarind-los-angeles-ca/77kwrnz/,2.0,2.0,1224.0,4050.0
https://www.apartments.com/legacy-tamarind-los-angeles-ca/77kwrnz/,3.0,3.0,1426.0,4850.0
https://www.apartments.com/vision-on-wilshire-los-angeles-ca/4085lyh/,0.0,1.0,563.0,3033.0
https://www.apartments.com/vision-on-wilshire-los-angeles-ca/4085lyh/,2.0,2.5,1353.0,7415.0
https://www.apartments.com/westchester-apartments-los-angeles-ca/fbyhz6t/,0.0,1.0,500.0,1895.0
https://www.apartments.com/westchester-apartments-los-angeles-ca/fbyhz6t/,1.0,1.0,750.0,2195.0
https://www.apartments.com/westchester-apartments-los-angeles-ca/fbyhz6t/,2.0,2.0,975.0,2695.0
https://www.apartments.com/llewellyn-los-angeles-ca/0qln4g0/,0.0,1.0,621.0,2275.0
https://www.apartments.com/llewellyn-los-angeles-ca/0qln4g0/,1.0,1.0,908.0,2950.0
https://www.apartments.com/llewellyn-los-angeles-ca/0qln4g0/,1.0,2.0,1263.0,3550.0
https://www.apartments.com/llewellyn-los-angeles-ca/0qln4g0/,2.0,2.0,1774.0,4600.0
https://www.apartments.com/llewellyn-los-angeles-ca/0qln4g0/,2.0,1.0,1113.0,3300.0
https://www.apartments.com/m-lofts-los-angeles-ca/qstd5wy/,0.0,1.0,372.0,1775.0
https://www.apartments.com/regency-manor-los-angeles-ca/r9m7wl0/,0.0,1.0,560.0,2450.0
https://www.apartments.com/regency-manor-los-angeles-ca/r9m7wl0/,1.0,1.0,650.0,2050.0
https://www.apartments.com/7393-west-manchester-avenue-los-angeles-ca/6hr2edv/,1.0,1.0,1026.0,1995.0
https://www.apartments.com/7393-west-manchester-avenue-los-angeles-ca/6hr2edv/,2.0,2.0,1335.0,2895.0
https://www.apartments.com/7393-west-manchester-avenue-los-angeles-ca/6hr2edv/,3.0,3.0,1335.0,3695.0
https://www.apartments.com/wilshire-royale-apartments-los-angeles-ca/p43ch9s/,0.0,1.0,540.0,1475.0
https://www.apartments.com/wilshire-royale-apartments-los-angeles-ca/p43ch9s/,1.0,1.0,825.0,1735.0
https://www.apartments.com/the-griffin-los-angeles-ca/6wdx84r/,2.0,2.5,1413.0,3919.0
https://www.apartments.com/the-griffin-los-angeles-ca/6wdx84r/,2.0,2.0,1125.0,3671.0
https://www.apartments.com/alina-los-angeles-ca/tltn528/,0.0,1.0,715.0,2835.0
https://www.apartments.com/prizma-los-angeles-ca/0ezfzl1/,0.0,1.0,431.0,2450.0
https://www.apartments.com/prizma-los-angeles-ca/0ezfzl1/,1.0,1.0,702.0,2685.0
https://www.apartments.com/prizma-los-angeles-ca/0ezfzl1/,2.0,2.0,1125.0,3827.0
https://www.apartments.com/onyx-dtla-los-angeles-ca/8ever23/,0.0,1.0,471.0,1770.0
https://www.apartments.com/onyx-dtla-los-angeles-ca/8ever23/,3.0,2.0,1283.0,3595.0
https://www.apartments.com/vinz-on-fairfax-los-angeles-ca/d8ss3kl/,2.0,2.5,1486.0,5599.0
https://www.apartments.com/vinz-on-fairfax-los-angeles-ca/d8ss3kl/,1.0,1.5,1153.0,4399.0
https://www.apartments.com/wilshire-vermont-los-angeles-ca/1kzq096/,0.0,1.0,496.0,1864.0
https://www.apartments.com/modera-west-la-los-angeles-ca/lgjkb4g/,1.0,1.0,619.0,2415.0
https://www.apartments.com/modera-west-la-los-angeles-ca/lgjkb4g/,2.0,2.0,1049.0,3405.0
https://www.apartments.com/modera-west-la-los-angeles-ca/lgjkb4g/,2.0,1.0,954.0,3297.0
https://www.apartments.com/modera-west-la-los-angeles-ca/lgjkb4g/,3.0,2.0,1354.0,5585.0
https://www.apartments.com/west-27th-los-angeles-ca/qnbz08w/,0.0,1.0,425.0,2620.0
https://www.apartments.com/west-27th-los-angeles-ca/qnbz08w/,1.0,1.0,742.0,2050.0
https://www.apartments.com/west-27th-los-angeles-ca/qnbz08w/,2.0,2.0,1090.0,0.0
https://www.apartments.com/west-27th-los-angeles-ca/qnbz08w/,4.0,2.0,1364.0,2200.0
https://www.apartments.com/e-on-grand-los-angeles-ca/vg3jzxe/,1.0,2.0,1064.0,2875.0
https://www.apartments.com/oakwood-studios-los-angeles-olympic-olive-los-angeles-ca/8pm7sc0/,0.0,1.0,482.0,1599.0
https://www.apartments.com/oakwood-studios-los-angeles-olympic-olive-los-angeles-ca/8pm7sc0/,1.0,1.0,709.0,1999.0
https://www.apartments.com/oakwood-studios-los-angeles-olympic-olive-los-angeles-ca/8pm7sc0/,2.0,1.5,1070.0,3099.0
https://www.apartments.com/oakwood-studios-los-angeles-olympic-olive-los-angeles-ca/8pm7sc0/,2.0,2.0,1093.0,3099.0
https://www.apartments.com/oakwood-studios-los-angeles-olympic-olive-los-angeles-ca/8pm7sc0/,1.0,1.5,900.0,3300.0
https://www.apartments.com/common-sycamore-los-angeles-ca/zwm13wx/,0.0,1.0,200.0,0.0
https://www.apartments.com/common-sycamore-los-angeles-ca/zwm13wx/,6.0,6.5,1700.0,0.0
https://www.apartments.com/aliso-apartments-los-angeles-ca/kjeqsmb/,0.0,1.0,1076.0,0.0
https://www.apartments.com/aliso-apartments-los-angeles-ca/kjeqsmb/,1.0,1.0,691.0,0.0
https://www.apartments.com/aliso-apartments-los-angeles-ca/kjeqsmb/,1.0,1.5,1178.0,0.0
https://www.apartments.com/aliso-apartments-los-angeles-ca/kjeqsmb/,1.0,2.0,1266.0,0.0
https://www.apartments.com/aliso-apartments-los-angeles-ca/kjeqsmb/,2.0,2.0,1109.0,3585.0
https://www.apartments.com/circa-la-los-angeles-ca/ss4bxl4/,1.0,1.0,923.0,4525.0
https://www.apartments.com/circa-la-los-angeles-ca/ss4bxl4/,2.0,2.0,1285.0,5145.0
https://www.apartments.com/circa-la-los-angeles-ca/ss4bxl4/,2.0,2.5,1898.0,8180.0
https://www.apartments.com/circa-la-los-angeles-ca/ss4bxl4/,3.0,3.5,2878.0,17725.0
https://www.apartments.com/circa-la-los-angeles-ca/ss4bxl4/,3.0,4.0,3842.0,23550.0
https://www.apartments.com/rise-hollywood-los-angeles-ca/pdkz09s/,0.0,1.0,616.0,2990.0
https://www.apartments.com/rise-hollywood-los-angeles-ca/pdkz09s/,1.0,1.0,870.0,4765.0
https://www.apartments.com/rise-hollywood-los-angeles-ca/pdkz09s/,2.0,2.0,2015.0,14995.0
https://www.apartments.com/east-view-los-angeles-ca/rkp1he0/,0.0,1.0,887.0,2695.0
https://www.apartments.com/east-view-los-angeles-ca/rkp1he0/,1.0,1.0,706.0,2395.0
https://www.apartments.com/east-view-los-angeles-ca/rkp1he0/,2.0,2.0,1121.0,3150.0
https://www.apartments.com/common-melrose-los-angeles-ca/62dxd9v/,0.0,1.0,80.0,1075.0
https://www.apartments.com/common-melrose-los-angeles-ca/62dxd9v/,6.0,4.0,1000.0,0.0
https://www.apartments.com/common-melrose-los-angeles-ca/62dxd9v/,6.0,5.0,1000.0,0.0
https://www.apartments.com/mysuite-at-acacia-brentwood-apartments-los-angeles-ca/h1eerl3/,1.0,1.0,325.0,2197.0
https://www.apartments.com/wilshire-victoria-westwood-apartments-los-angeles-ca/vzvxydd/,1.0,1.0,1267.0,5895.0
https://www.apartments.com/wilshire-victoria-westwood-apartments-los-angeles-ca/vzvxydd/,1.0,1.5,1293.0,4995.0
https://www.apartments.com/wilshire-victoria-westwood-apartments-los-angeles-ca/vzvxydd/,2.0,2.0,1551.0,7495.0
https://www.apartments.com/wilshire-victoria-westwood-apartments-los-angeles-ca/vzvxydd/,2.0,2.5,2891.0,16663.0
https://www.apartments.com/mysuite-wilshire-margot-westwood-apartments-los-angeles-ca/4h45ddj/,0.0,1.0,300.0,1495.0
https://www.apartments.com/mysuite-wilshire-margot-westwood-apartments-los-angeles-ca/4h45ddj/,1.0,1.0,609.0,5495.0
https://www.apartments.com/mysuite-wilshire-margot-westwood-apartments-los-angeles-ca/4h45ddj/,4.0,2.0,1400.0,6500.0
https://www.apartments.com/blueground-furnished-apartments-hollywood-los-angeles-ca/43xhegl/,1.0,1.0,650.0,2350.0
https://www.apartments.com/sienna-los-angeles-ca/dysjvpk/,1.0,1.0,786.0,2430.0
https://www.apartments.com/sienna-los-angeles-ca/dysjvpk/,2.0,2.0,996.0,3015.0
https://www.apartments.com/concourse-westchester-apartments-los-angeles-ca/qz7vt7y/,0.0,1.0,828.0,1309.0
https://www.apartments.com/concourse-westchester-apartments-los-angeles-ca/qz7vt7y/,1.0,1.0,828.0,2471.0
https://www.apartments.com/concourse-westchester-apartments-los-angeles-ca/qz7vt7y/,2.0,2.0,867.0,2734.0
https://www.apartments.com/nms-1759-beloit-sawtelle-west-la-apartments-los-angeles-ca/ht6vvr1/,0.0,1.0,750.0,2495.0
https://www.apartments.com/nms-1759-beloit-sawtelle-west-la-apartments-los-angeles-ca/ht6vvr1/,1.0,1.0,1100.0,2995.0
https://www.apartments.com/nms-1759-beloit-sawtelle-west-la-apartments-los-angeles-ca/ht6vvr1/,2.0,2.0,1400.0,3358.0
https://www.apartments.com/nms-1759-beloit-sawtelle-west-la-apartments-los-angeles-ca/ht6vvr1/,3.0,2.0,1400.0,3595.0
https://www.apartments.com/nms-1759-beloit-sawtelle-west-la-apartments-los-angeles-ca/ht6vvr1/,3.0,3.0,450.0,5230.0
https://www.apartments.com/the-chapman-flats-los-angeles-ca/mj6v3bh/,0.0,1.0,690.0,1825.0
https://www.apartments.com/the-chapman-flats-los-angeles-ca/mj6v3bh/,1.0,1.0,685.0,2200.0
https://www.apartments.com/3019-raymond-ave-los-angeles-ca/mgk7mfl/,3.0,3.0,1442.0,3650.0
https://www.apartments.com/the-sw-by-clg-los-angeles-ca/f4bewnr/,0.0,1.0,325.0,1895.0
https://www.apartments.com/the-sw-by-clg-los-angeles-ca/f4bewnr/,1.0,1.0,650.0,2995.0
https://www.apartments.com/the-lc-by-clg-los-angeles-ca/src1hk5/,1.0,1.0,710.0,2395.0
https://www.apartments.com/the-lc-by-clg-los-angeles-ca/src1hk5/,2.0,2.0,960.0,2499.0
https://www.apartments.com/the-lc-by-clg-los-angeles-ca/src1hk5/,2.0,2.5,1286.0,3700.0
https://www.apartments.com/lp-by-clg-los-angeles-ca/b634psc/,0.0,1.0,415.0,1495.0
https://www.apartments.com/lp-by-clg-los-angeles-ca/b634psc/,1.0,1.0,730.0,1920.0
https://www.apartments.com/atwood-hollywood-boutique-apartments-los-angeles-ca/yzyvzbr/,1.0,1.0,645.0,2450.0
https://www.apartments.com/atwood-hollywood-boutique-apartments-los-angeles-ca/yzyvzbr/,2.0,2.0,940.0,2670.0
https://www.apartments.com/qwil-los-angeles-ca/zplvk1z/,1.0,1.0,768.0,3150.0
https://www.apartments.com/qwil-los-angeles-ca/zplvk1z/,2.0,2.0,1364.0,6495.0
https://www.apartments.com/barrington-avenue-apartment-homes-los-angeles-ca/3m2kt3e/,1.0,1.0,650.0,2325.0
https://www.apartments.com/the-bw-by-clg-los-angeles-ca/547l6tm/,2.0,2.0,1469.0,4699.0
https://www.apartments.com/the-bw-by-clg-los-angeles-ca/547l6tm/,2.0,3.0,1770.0,4999.0
https://www.apartments.com/the-bw-by-clg-los-angeles-ca/547l6tm/,3.0,3.0,1557.0,4899.0
https://www.apartments.com/casa-de-vida-los-angeles-ca/js1rfw7/,0.0,1.0,475.0,1795.0
https://www.apartments.com/casa-de-vida-los-angeles-ca/js1rfw7/,1.0,1.0,650.0,1950.0
https://www.apartments.com/casa-de-vida-los-angeles-ca/js1rfw7/,2.0,2.0,1010.0,2395.0
https://www.apartments.com/park-wilshire-los-angeles-ca/srzzfj7/,0.0,1.0,470.0,1425.0
https://www.apartments.com/park-wilshire-los-angeles-ca/srzzfj7/,1.0,1.0,808.0,1960.0
https://www.apartments.com/casa-granada-los-angeles-ca/74n7h6y/,2.0,2.0,1300.0,3268.0
https://www.apartments.com/casa-granada-los-angeles-ca/74n7h6y/,1.0,1.0,705.0,2349.0
https://www.apartments.com/common-elmwood-los-angeles-ca/mvxkf1k/,0.0,1.0,300.0,0.0
https://www.apartments.com/common-elmwood-los-angeles-ca/mvxkf1k/,4.0,3.0,1000.0,1000.0
https://www.apartments.com/normandie-hollywood-apartments-los-angeles-ca/26z84r9/,0.0,1.0,500.0,1475.0
https://www.apartments.com/normandie-hollywood-apartments-los-angeles-ca/26z84r9/,1.0,1.0,700.0,1795.0
https://www.apartments.com/normandie-hollywood-apartments-los-angeles-ca/26z84r9/,2.0,1.0,700.0,2250.0
https://www.apartments.com/the-plaza-apartments-los-angeles-ca/z4dd9jy/,2.0,2.0,925.0,2995.0
https://www.apartments.com/the-roy-los-angeles-ca/x5pe7zp/,0.0,1.0,392.0,2020.0
https://www.apartments.com/the-roy-los-angeles-ca/x5pe7zp/,1.0,1.0,573.0,2405.0
https://www.apartments.com/the-roy-los-angeles-ca/x5pe7zp/,2.0,2.0,844.0,2905.0
https://www.apartments.com/audrey-los-angeles-ca/jrdk2b7/,1.0,1.0,895.0,2990.0
https://www.apartments.com/audrey-los-angeles-ca/jrdk2b7/,2.0,1.0,897.0,3215.0
https://www.apartments.com/audrey-los-angeles-ca/jrdk2b7/,2.0,2.0,1147.0,0.0
https://www.apartments.com/grether-grether-loft-building-los-angeles-ca/nkrjr7m/,0.0,1.0,747.0,2150.0
https://www.apartments.com/grether-grether-loft-building-los-angeles-ca/nkrjr7m/,1.0,1.0,857.0,2500.0
https://www.apartments.com/reve-los-angeles-ca/mq0t89h/,3.0,3.0,1915.0,7650.0
https://www.apartments.com/reve-los-angeles-ca/mq0t89h/,4.0,3.0,1620.0,6750.0
https://www.apartments.com/reve-los-angeles-ca/mq0t89h/,4.0,4.0,2293.0,8950.0
https://www.apartments.com/1455-w-36th-st-los-angeles-ca/l5xwkwd/,6.0,6.0,850.0,958.0
https://www.apartments.com/900-wilcox-ave-los-angeles-ca/5p7969q/,2.0,2.0,1257.0,3395.0
https://www.apartments.com/900-wilcox-ave-los-angeles-ca/5p7969q/,2.0,2.5,1449.0,3895.0
https://www.apartments.com/900-wilcox-ave-los-angeles-ca/5p7969q/,3.0,2.0,1557.0,3950.0
https://www.apartments.com/villa-carlotta-luxury-fully-furnished-los-angeles-ca/w0ckpfh/,0.0,1.0,525.0,4000.0
https://www.apartments.com/villa-carlotta-luxury-fully-furnished-los-angeles-ca/w0ckpfh/,1.0,1.0,667.0,5000.0
https://www.apartments.com/villa-carlotta-luxury-fully-furnished-los-angeles-ca/w0ckpfh/,2.0,1.5,1192.0,6000.0
https://www.apartments.com/the-hw-by-clg-los-angeles-ca/9cp9py6/,1.0,1.0,680.0,2850.0
https://www.apartments.com/the-hw-by-clg-los-angeles-ca/9cp9py6/,2.0,2.0,977.0,3500.0
https://www.apartments.com/the-hw-by-clg-los-angeles-ca/9cp9py6/,3.0,2.0,1360.0,4105.0
https://www.apartments.com/the-james-fully-furnished-short-term-los-angeles-ca/slm4434/,0.0,1.0,495.0,3000.0
https://www.apartments.com/the-james-fully-furnished-short-term-los-angeles-ca/slm4434/,1.0,1.0,525.0,3450.0
https://www.apartments.com/crosby-los-angeles-ca/ldfhdkg/,0.0,1.0,760.0,2720.0
https://www.apartments.com/crosby-los-angeles-ca/ldfhdkg/,1.0,1.0,863.0,3452.0
https://www.apartments.com/crosby-los-angeles-ca/ldfhdkg/,1.0,1.5,947.0,3875.0
https://www.apartments.com/crosby-los-angeles-ca/ldfhdkg/,2.0,1.0,823.0,2855.0
https://www.apartments.com/crosby-los-angeles-ca/ldfhdkg/,2.0,2.0,1291.0,4260.0
https://www.apartments.com/crosby-los-angeles-ca/ldfhdkg/,2.0,2.5,1456.0,6195.0
https://www.apartments.com/crosby-los-angeles-ca/ldfhdkg/,3.0,3.0,1438.0,4670.0
https://www.apartments.com/crosby-los-angeles-ca/ldfhdkg/,3.0,2.5,1621.0,6095.0
https://www.apartments.com/888-hilgard-furnished-living-los-angeles-ca/d2rh6bh/,1.0,1.0,734.0,3500.0
https://www.apartments.com/888-hilgard-furnished-living-los-angeles-ca/d2rh6bh/,2.0,2.0,1044.0,5000.0
https://www.apartments.com/tuscani-villas-los-angeles-ca/md57s7l/,1.0,1.0,571.0,1725.0
https://www.apartments.com/lindbrook-manor-los-angeles-ca/rg44023/,0.0,1.0,511.0,1479.0
https://www.apartments.com/r3-lofts-by-clg-los-angeles-ca/7gxkvgy/,1.0,1.0,620.0,2395.0
https://www.apartments.com/vantage-mar-vista-los-angeles-ca/by3qpmc/,0.0,1.0,1600.0,2295.0
https://www.apartments.com/harborside-marina-bay-apartments-marina-del-rey-ca/245z91b/,2.0,2.0,1213.0,5100.0
https://www.apartments.com/mediterranean-village-west-hollywood-west-hollywood-ca/7ndjcdw/,2.0,2.0,1100.0,3400.0
https://www.apartments.com/mediterranean-village-west-hollywood-west-hollywood-ca/7ndjcdw/,0.0,1.0,414.0,1964.0
https://www.apartments.com/the-ventana-luxury-apartments-playa-vista-ca/wzsz3ch/,3.0,2.0,1841.0,5030.0
https://www.apartments.com/solimar-luxury-villas-wilmington-ca/wtc50zl/,3.0,2.0,1280.0,3260.0
https://www.apartments.com/academy-village-north-hollywood-ca/rlchme1/,2.0,2.0,927.0,2800.0
https://www.apartments.com/academy-village-north-hollywood-ca/rlchme1/,1.0,1.0,649.0,2031.0
https://www.apartments.com/luxe-1801-alhambra-ca/rdny3q2/,0.0,1.0,385.0,1625.0
https://www.apartments.com/8500-burton-luxury-apartments-los-angeles-ca/s7n6nj5/,1.0,1.0,903.0,6250.0
https://www.apartments.com/8500-burton-luxury-apartments-los-angeles-ca/s7n6nj5/,1.0,1.5,1236.0,8000.0
https://www.apartments.com/8500-burton-luxury-apartments-los-angeles-ca/s7n6nj5/,2.0,2.0,1332.0,9600.0
https://www.apartments.com/8500-burton-luxury-apartments-los-angeles-ca/s7n6nj5/,3.0,4.5,4000.0,40000.0
https://www.apartments.com/commodore-regency-apartments-los-angeles-ca/6n3zcpr/,0.0,1.0,288.0,1295.0
https://www.apartments.com/the-reality-tamarind-north-los-angeles-ca/vvyzpsf/,2.0,2.0,1100.0,0.0
https://www.apartments.com/san-regis-apartments-van-nuys-ca/j6mfdj7/,0.0,1.0,450.0,1508.0
https://www.apartments.com/san-regis-apartments-van-nuys-ca/j6mfdj7/,1.0,1.0,684.0,1937.0
https://www.apartments.com/san-regis-apartments-van-nuys-ca/j6mfdj7/,2.0,2.0,1015.0,2484.0
https://www.apartments.com/veda-sherman-oaks-ca/bt4sxfc/,1.0,1.0,757.0,1999.0
https://www.apartments.com/the-505-los-angeles-ca/80cbr71/,0.0,1.0,533.0,0.0
https://www.apartments.com/the-505-los-angeles-ca/80cbr71/,1.0,1.0,708.0,0.0
https://www.apartments.com/the-505-los-angeles-ca/80cbr71/,2.0,2.0,987.0,0.0
https://www.apartments.com/sonoma-at-porter-ranch-porter-ranch-ca/3ldc0yg/,3.0,2.0,1342.0,3497.0
https://www.apartments.com/neptune-marina-marina-del-rey-ca/evczj7q/,1.0,1.0,751.0,3750.0
https://www.apartments.com/mira-canoga-park-ca/38l7eqg/,0.0,1.0,654.0,2195.0
https://www.apartments.com/symmetry-northridge-ca/4fvfg5k/,0.0,1.0,596.0,1913.0
https://www.apartments.com/symmetry-northridge-ca/4fvfg5k/,1.0,1.0,796.0,2367.0
https://www.apartments.com/symmetry-northridge-ca/4fvfg5k/,2.0,2.0,1151.0,2911.0
https://www.apartments.com/symmetry-northridge-ca/4fvfg5k/,3.0,2.0,1389.0,3798.0
https://www.apartments.com/symmetry-northridge-ca/4fvfg5k/,3.0,2.5,1566.0,3969.0
https://www.apartments.com/the-weddington-north-hollywood-ca/rgwfwx3/,0.0,1.0,609.0,2470.0
https://www.apartments.com/the-weddington-north-hollywood-ca/rgwfwx3/,1.0,1.0,737.0,2768.0
https://www.apartments.com/the-weddington-north-hollywood-ca/rgwfwx3/,2.0,2.0,1341.0,4010.0
https://www.apartments.com/alder-northridge-ca/44wvmph/,1.0,1.0,830.0,2415.0
https://www.apartments.com/alder-northridge-ca/44wvmph/,0.0,1.0,602.0,1875.0
https://www.apartments.com/bell-south-bay-inglewood-ca/ygvm09r/,0.0,1.0,580.0,2180.0
https://www.apartments.com/harborview-san-pedro-ca/1e0b8z5/,3.0,2.0,1300.0,3030.0
https://www.apartments.com/meridian-place-apartments-northridge-ca/tez0sy9/,2.0,2.0,1179.0,2249.0
https://www.apartments.com/the-marquee-apartments-north-hollywood-ca/2rv8hcc/,0.0,1.0,575.0,1592.0
https://www.apartments.com/the-marquee-apartments-north-hollywood-ca/2rv8hcc/,2.0,1.0,1000.0,2556.0
https://www.apartments.com/the-marquee-apartments-north-hollywood-ca/2rv8hcc/,1.0,1.0,800.0,1812.0
https://www.apartments.com/waterstone-chatsworth-ca/vymngsf/,1.0,1.0,727.0,1744.0
https://www.apartments.com/avalon-woodland-hills-woodland-hills-ca/1evzbv7/,1.0,1.0,680.0,1910.0
https://www.apartments.com/the-hesby-north-hollywood-ca/khvf5sb/,0.0,1.0,545.0,2103.0
https://www.apartments.com/the-hesby-north-hollywood-ca/khvf5sb/,3.0,2.0,1485.0,3942.0
https://www.apartments.com/concord-square-apartments-reseda-ca/ehgljyn/,1.0,1.0,644.0,1594.0
https://www.apartments.com/concord-square-apartments-reseda-ca/ehgljyn/,0.0,1.0,429.0,1534.0
https://www.apartments.com/concord-square-apartments-reseda-ca/ehgljyn/,2.0,2.0,859.0,2111.0
https://www.apartments.com/vela-on-ox-apartments-woodland-hills-ca/2kr67qc/,0.0,1.0,679.0,2331.0
https://www.apartments.com/vela-on-ox-apartments-woodland-hills-ca/2kr67qc/,1.0,1.0,825.0,2680.0
https://www.apartments.com/avalon-studio-city-studio-city-ca/qfmf8jx/,1.0,1.0,1135.0,2451.0
https://www.apartments.com/lofts-at-noho-commons-north-hollywood-ca/cwh583f/,0.0,1.0,930.0,2320.0
https://www.apartments.com/lofts-at-noho-commons-north-hollywood-ca/cwh583f/,1.0,1.0,930.0,2535.0
https://www.apartments.com/level-furnished-living-los-angeles-ca/dj0vljk/,2.0,2.0,1000.0,4800.0
https://www.apartments.com/motif-woodland-hills-ca/37mtnye/,1.0,1.0,823.0,2225.0
https://www.apartments.com/motif-woodland-hills-ca/37mtnye/,2.0,2.0,1168.0,2715.0
https://www.apartments.com/motif-woodland-hills-ca/37mtnye/,3.0,2.0,1484.0,3165.0
https://www.apartments.com/legendary-glendale-glendale-ca/qrmyqmx/,3.0,2.0,1353.0,4125.0
https://www.apartments.com/colby-at-ohio-los-angeles-ca/13pvg74/,3.0,2.0,1225.0,1558.0
https://www.apartments.com/colby-at-ohio-los-angeles-ca/13pvg74/,4.0,3.0,1415.0,4995.0
https://www.apartments.com/the-lorenzo-student-housing-near-usc-los-angeles-ca/1xne4w6/,2.0,2.0,948.0,0.0
https://www.apartments.com/the-lorenzo-student-housing-near-usc-los-angeles-ca/1xne4w6/,3.0,3.0,1286.0,0.0
https://www.apartments.com/10635-wilshire-los-angeles-ca/419hf7l/,0.0,1.0,800.0,2700.0
https://www.apartments.com/10635-wilshire-los-angeles-ca/419hf7l/,1.0,1.0,1200.0,3500.0
https://www.apartments.com/the-continental-building-los-angeles-ca/0px5zx0/,0.0,1.0,750.0,2400.0
https://www.apartments.com/the-continental-building-los-angeles-ca/0px5zx0/,1.0,1.0,900.0,3200.0
https://www.apartments.com/studios-at-bronson-los-angeles-ca/fbgdx7t/,0.0,1.0,315.0,1395.0
https://www.apartments.com/studios-at-bronson-los-angeles-ca/fbgdx7t/,1.0,1.0,551.0,1595.0
https://www.apartments.com/reeves-place-la-los-angeles-ca/19esjz7/,2.0,2.0,1293.0,4795.0
https://www.apartments.com/reeves-place-la-los-angeles-ca/19esjz7/,2.0,2.5,1578.0,5395.0
https://www.apartments.com/reeves-place-la-los-angeles-ca/19esjz7/,3.0,3.0,2221.0,7195.0
https://www.apartments.com/reeves-place-la-los-angeles-ca/19esjz7/,3.0,2.5,2016.0,7195.0
https://www.apartments.com/reeves-place-la-los-angeles-ca/19esjz7/,5.0,5.5,4088.0,17445.0
https://www.apartments.com/nova-los-angeles-ca/e1sx1nq/,0.0,1.0,1000.0,3950.0
https://www.apartments.com/nova-los-angeles-ca/e1sx1nq/,1.0,1.0,1077.0,4300.0
https://www.apartments.com/nova-los-angeles-ca/e1sx1nq/,1.0,2.0,1075.0,4835.0
https://www.apartments.com/nova-los-angeles-ca/e1sx1nq/,2.0,2.0,1291.0,4975.0
https://www.apartments.com/north-harper-house-west-hollywood-ca/eh2ek1p/,2.0,2.0,950.0,3195.0
https://www.apartments.com/1600-vine-hollywood-ca/0eksb50/,0.0,1.0,973.0,2214.0
https://www.apartments.com/1600-vine-hollywood-ca/0eksb50/,1.0,1.0,786.0,2319.0
https://www.apartments.com/1600-vine-hollywood-ca/0eksb50/,1.0,1.5,1641.0,3621.0
https://www.apartments.com/1600-vine-hollywood-ca/0eksb50/,2.0,2.0,1690.0,4280.0
https://www.apartments.com/1600-vine-hollywood-ca/0eksb50/,2.0,2.5,1451.0,4162.0
https://www.apartments.com/the-q-variel-woodland-hills-ca/459zp6h/,0.0,1.0,628.0,2519.0
https://www.apartments.com/the-q-variel-woodland-hills-ca/459zp6h/,1.0,1.0,813.0,3633.0
https://www.apartments.com/the-q-variel-woodland-hills-ca/459zp6h/,1.0,2.0,1075.0,3353.0
https://www.apartments.com/the-q-variel-woodland-hills-ca/459zp6h/,2.0,2.0,1264.0,4987.0
https://www.apartments.com/upper-ivy-residences-culver-city-ca/66bm8rv/,1.0,1.0,931.0,5890.0
https://www.apartments.com/upper-ivy-residences-culver-city-ca/66bm8rv/,0.0,1.0,630.0,4090.0
https://www.apartments.com/upper-ivy-residences-culver-city-ca/66bm8rv/,2.0,2.0,1479.0,9090.0
https://www.apartments.com/lincoln-place-venice-ca/9b6r0g6/,2.0,1.0,818.0,3894.0
https://www.apartments.com/lincoln-place-venice-ca/9b6r0g6/,3.0,2.0,1253.0,5047.0
https://www.apartments.com/santa-monica-biltmore-santa-monica-ca/tg1tdsc/,2.0,1.0,750.0,2795.0
https://www.apartments.com/the-pointe-at-warner-center-woodland-hills-ca/w4j01yh/,2.0,2.0,1129.0,2794.0
https://www.apartments.com/the-pointe-at-warner-center-woodland-hills-ca/w4j01yh/,1.0,1.0,755.0,2495.0
https://www.apartments.com/the-highland-hollywood-ca/0pwyef2/,0.0,1.0,541.0,2201.0
https://www.apartments.com/ao-santa-monica-santa-monica-ca/9deb434/,1.0,1.0,612.0,2396.0
https://www.apartments.com/ao-santa-monica-santa-monica-ca/9deb434/,2.0,2.0,1094.0,3643.0
https://www.apartments.com/ao-santa-monica-santa-monica-ca/9deb434/,3.0,2.0,1555.0,5706.0
https://www.apartments.com/the-luxe-north-hollywood-ca/x396s5p/,0.0,1.0,530.0,1749.0
https://www.apartments.com/the-luxe-north-hollywood-ca/x396s5p/,1.0,1.0,714.0,2465.0
https://www.apartments.com/the-luxe-north-hollywood-ca/x396s5p/,2.0,2.0,1086.0,3200.0
https://www.apartments.com/the-luxe-north-hollywood-ca/x396s5p/,3.0,3.0,1358.0,3750.0
https://www.apartments.com/the-reserve-at-warner-center-woodland-hills-ca/2j9l30b/,0.0,1.0,625.0,1601.0
https://www.apartments.com/the-reserve-at-warner-center-woodland-hills-ca/2j9l30b/,1.0,1.0,880.0,1906.0
https://www.apartments.com/the-reserve-at-warner-center-woodland-hills-ca/2j9l30b/,2.0,2.0,1150.0,2195.0
https://www.apartments.com/evolve-south-bay-carson-ca/4hmj7rl/,1.0,1.0,1058.0,3140.0
https://www.apartments.com/evolve-south-bay-carson-ca/4hmj7rl/,3.0,2.0,1252.0,3660.0
https://www.apartments.com/evolve-south-bay-carson-ca/4hmj7rl/,3.0,3.0,1200.0,3895.0
https://www.apartments.com/waves-mdr-apartments-marina-del-rey-ca/6xlrf2v/,3.0,2.0,1819.0,6000.0
https://www.apartments.com/9520-lucerne-ave-culver-city-ca/qpv9wvz/,1.0,1.0,1100.0,2350.0
https://www.apartments.com/candlewood-north-northridge-ca/bs19lc8/,0.0,1.0,450.0,1590.0
https://www.apartments.com/candlewood-north-northridge-ca/bs19lc8/,1.0,1.0,850.0,1885.0
https://www.apartments.com/candlewood-north-northridge-ca/bs19lc8/,2.0,2.0,1200.0,2355.0
https://www.apartments.com/catalina-apartments-studio-city-ca/qbf56bx/,1.0,1.0,717.0,2195.0
https://www.apartments.com/catalina-apartments-studio-city-ca/qbf56bx/,2.0,2.0,902.0,2850.0
https://www.apartments.com/warner-villa-woodland-hills-ca/hgttbt2/,1.0,1.0,780.0,1924.0
https://www.apartments.com/warner-villa-woodland-hills-ca/hgttbt2/,2.0,2.0,1114.0,2510.0
https://www.apartments.com/wayfarer-apartments-marina-marina-del-rey-ca/1xlvly6/,1.0,2.0,1120.0,3591.0
https://www.apartments.com/wayfarer-apartments-marina-marina-del-rey-ca/1xlvly6/,2.0,2.5,1538.0,5433.0
https://www.apartments.com/the-weddington-north-hollywood-ca/rgwfwx3/,0.0,1.0,609.0,2470.0
https://www.apartments.com/the-weddington-north-hollywood-ca/rgwfwx3/,1.0,1.0,737.0,2768.0
https://www.apartments.com/the-weddington-north-hollywood-ca/rgwfwx3/,2.0,2.0,1341.0,4010.0
https://www.apartments.com/riata-at-canoga-canoga-park-ca/s5jv685/,0.0,1.0,450.0,1550.0
https://www.apartments.com/riata-at-canoga-canoga-park-ca/s5jv685/,1.0,1.0,750.0,1546.0
https://www.apartments.com/riata-at-canoga-canoga-park-ca/s5jv685/,2.0,1.0,975.0,2119.0
https://www.apartments.com/bonita-terrace-hollywood-ca/z0tzzdz/,2.0,2.0,951.0,2995.0
https://www.apartments.com/bonita-terrace-hollywood-ca/z0tzzdz/,3.0,2.0,1343.0,3750.0
https://www.apartments.com/noho-14-north-hollywood-ca/xekh7xm/,3.0,3.0,1363.0,3895.0
https://www.apartments.com/onyx-glendale-glendale-ca/02nyv33/,0.0,1.0,610.0,2055.0
https://www.apartments.com/parkway-plaza-apartments-culver-city-ca/0mm5qz1/,2.0,1.5,1200.0,3620.0
https://www.apartments.com/san-vicente-santa-monica-ca/s28yhv6/,3.0,3.0,1752.0,11495.0
https://www.apartments.com/the-americana-at-brand-luxury-apartments-glendale-ca/ccn40rg/,0.0,1.0,675.0,2600.0
https://www.apartments.com/the-americana-at-brand-luxury-apartments-glendale-ca/ccn40rg/,1.0,1.0,725.0,4950.0
https://www.apartments.com/the-americana-at-brand-luxury-apartments-glendale-ca/ccn40rg/,2.0,2.0,1325.0,7650.0
https://www.apartments.com/the-americana-at-brand-luxury-apartments-glendale-ca/ccn40rg/,2.0,2.5,1494.0,4400.0
https://www.apartments.com/amli-marina-del-rey-marina-del-rey-ca/4sjykpk/,0.0,1.0,594.0,3350.0
https://www.apartments.com/amli-marina-del-rey-marina-del-rey-ca/4sjykpk/,1.0,1.0,946.0,4500.0
https://www.apartments.com/amli-marina-del-rey-marina-del-rey-ca/4sjykpk/,2.0,2.5,1805.0,8750.0
https://www.apartments.com/amli-marina-del-rey-marina-del-rey-ca/4sjykpk/,3.0,2.0,1778.0,8445.0
https://www.apartments.com/amli-marina-del-rey-marina-del-rey-ca/4sjykpk/,3.0,2.5,2240.0,9600.0
https://www.apartments.com/amli-marina-del-rey-marina-del-rey-ca/4sjykpk/,3.0,3.5,2612.0,12410.0
https://www.apartments.com/g8-by-clg-marina-del-rey-ca/9cp0475/,0.0,1.0,513.0,6499.0
https://www.apartments.com/g8-by-clg-marina-del-rey-ca/9cp0475/,1.0,1.0,829.0,2499.0
https://www.apartments.com/g8-by-clg-marina-del-rey-ca/9cp0475/,2.0,2.0,1550.0,4245.0
https://www.apartments.com/palm-view-village-gardena-gardena-ca/mex62jk/,1.0,1.0,625.0,1998.0
https://www.apartments.com/palm-view-village-gardena-gardena-ca/mex62jk/,2.0,1.0,760.0,2350.0
https://www.apartments.com/l-o-apartments-north-hollywood-ca/ngyts9q/,0.0,1.0,529.0,2115.0
https://www.apartments.com/l-o-apartments-north-hollywood-ca/ngyts9q/,1.0,1.0,686.0,2465.0
https://www.apartments.com/l-o-apartments-north-hollywood-ca/ngyts9q/,2.0,2.0,1122.0,3395.0
https://www.apartments.com/the-highland-hollywood-ca/0pwyef2/,0.0,1.0,541.0,2201.0
https://www.apartments.com/millennium-santa-monica-santa-monica-ca/s68kyp5/,0.0,1.0,571.0,0.0
https://www.apartments.com/millennium-santa-monica-santa-monica-ca/s68kyp5/,1.0,1.0,835.0,0.0
https://www.apartments.com/millennium-santa-monica-santa-monica-ca/s68kyp5/,1.0,2.0,983.0,0.0
https://www.apartments.com/millennium-santa-monica-santa-monica-ca/s68kyp5/,2.0,1.0,844.0,0.0
https://www.apartments.com/millennium-santa-monica-santa-monica-ca/s68kyp5/,2.0,2.0,1053.0,0.0
https://www.apartments.com/millennium-santa-monica-santa-monica-ca/s68kyp5/,3.0,2.0,1509.0,0.0
https://www.apartments.com/c1-by-starcity-clg-marina-del-rey-ca/bxzsxg8/,1.0,1.0,144.0,0.0
https://www.apartments.com/c1-by-starcity-clg-marina-del-rey-ca/bxzsxg8/,2.0,2.0,1119.0,3895.0
https://www.apartments.com/ollie-at-noho-north-hollywood-ca/3mxngeg/,0.0,1.0,143.0,1425.0
https://www.apartments.com/ollie-at-noho-north-hollywood-ca/3mxngeg/,6.0,6.0,1000.0,1269.0
https://www.apartments.com/riverbridge-reseda-ca/jlwgpf5/,2.0,2.0,991.0,2195.0
https://www.apartments.com/urban-hartsook-north-hollywood-ca/vk57n1f/,0.0,1.0,550.0,1831.0
https://www.apartments.com/urban-hartsook-north-hollywood-ca/vk57n1f/,1.0,1.0,775.0,2260.0
https://www.apartments.com/magnolia-sherman-oaks-ca/kcjebeb/,2.0,2.0,1163.0,2875.0
https://www.apartments.com/corbin-terrace-reseda-ca/2ztkx6b/,2.0,2.0,952.0,2195.0
https://www.apartments.com/culver-townhomes-culver-city-ca/989fj75/,2.0,1.5,1100.0,3300.0
https://www.apartments.com/saticoy-gardens-van-nuys-ca/gc2y2fz/,2.0,2.0,940.0,2040.0
https://www.apartments.com/otsego-noho-apartments-north-hollywood-ca/6b8lyjr/,2.0,2.0,855.0,2750.0
https://www.apartments.com/otsego-noho-apartments-north-hollywood-ca/6b8lyjr/,1.0,1.0,660.0,2250.0
https://www.apartments.com/the-goldwyn-culver-city-ca/mf5nqtj/,2.0,2.0,1080.0,0.0
https://www.apartments.com/the-goldwyn-culver-city-ca/mf5nqtj/,1.0,1.0,821.0,3000.0
https://www.apartments.com/cosmo-lofts-los-angeles-ca/cjyekne/,0.0,1.0,1398.0,3500.0
https://www.apartments.com/ace-on-orange-grove-los-angeles-ca/xnjlv5n/,2.0,2.0,1042.0,3895.0
https://www.apartments.com/the-mint-los-angeles-ca/xc83fkq/,0.0,1.0,526.0,1775.0
https://www.apartments.com/the-mint-los-angeles-ca/xc83fkq/,1.0,1.0,770.0,2150.0
https://www.apartments.com/the-mint-los-angeles-ca/xc83fkq/,2.0,1.0,915.0,2450.0
https://www.apartments.com/the-mint-los-angeles-ca/xc83fkq/,2.0,2.0,1013.0,2750.0
https://www.apartments.com/rochester-parkside-los-angeles-ca/9y93eh6/,0.0,1.0,500.0,1795.0
https://www.apartments.com/rochester-parkside-los-angeles-ca/9y93eh6/,1.0,1.0,750.0,2395.0
https://www.apartments.com/manali-residence-los-angeles-ca/lmt69se/,0.0,1.0,475.0,1450.0
https://www.apartments.com/manali-residence-los-angeles-ca/lmt69se/,1.0,1.0,630.0,1700.0
https://www.apartments.com/manali-residence-los-angeles-ca/lmt69se/,2.0,2.0,915.0,2250.0
https://www.apartments.com/manali-residence-los-angeles-ca/lmt69se/,3.0,2.5,1387.0,2850.0
https://www.apartments.com/5955-saturn-los-angeles-ca/11zez44/,2.0,2.0,1180.0,3495.0
https://www.apartments.com/5955-saturn-los-angeles-ca/11zez44/,3.0,2.0,1336.0,4295.0
https://www.apartments.com/madison-hancock-park-los-angeles-ca/d15c1fj/,2.0,2.0,980.0,3010.0
https://www.apartments.com/metwest-on-sunset-los-angeles-ca/vh1he9g/,2.0,2.0,952.0,3830.0
https://www.apartments.com/5012-apartments-culver-city-ca/pt1m8ev/,1.0,1.0,800.0,3150.0
https://www.apartments.com/5012-apartments-culver-city-ca/pt1m8ev/,2.0,2.0,1220.0,3995.0
https://www.apartments.com/del-rey-club-apartments-playa-del-rey-ca/bqrkv2b/,0.0,1.0,525.0,2095.0
https://www.apartments.com/del-rey-club-apartments-playa-del-rey-ca/bqrkv2b/,1.0,1.0,600.0,2195.0
https://www.apartments.com/del-rey-club-apartments-playa-del-rey-ca/bqrkv2b/,2.0,2.0,1020.0,2895.0
https://www.apartments.com/woodley-sara-apartments-van-nuys-ca/n0jdpyp/,1.0,1.0,700.0,1975.0
https://www.apartments.com/woodley-sara-apartments-van-nuys-ca/n0jdpyp/,2.0,2.0,1011.0,2500.0
https://www.apartments.com/woodley-sara-apartments-van-nuys-ca/n0jdpyp/,3.0,2.0,1233.0,2900.0
https://www.apartments.com/wakaba-la-los-angeles-ca/d2ystwk/,0.0,1.0,610.0,1864.0
https://www.apartments.com/windsor-court-los-angeles-ca/4r2tsek/,0.0,1.0,415.0,1592.0
https://www.apartments.com/windsor-court-los-angeles-ca/4r2tsek/,1.0,1.0,484.0,1692.0
https://www.apartments.com/windsor-court-los-angeles-ca/4r2tsek/,2.0,1.0,739.0,2213.0
https://www.apartments.com/the-marq-apartments-los-angeles-ca/1fgp8m5/,1.0,1.0,500.0,1715.0
https://www.apartments.com/the-marq-apartments-los-angeles-ca/1fgp8m5/,2.0,1.0,700.0,2175.0
https://www.apartments.com/hollywood-view-towers-los-angeles-ca/1ktnzz4/,2.0,2.0,1080.0,3045.0
https://www.apartments.com/savoy-west-apartments-los-angeles-ca/wc9jk6j/,0.0,1.0,660.0,1710.0
https://www.apartments.com/savoy-west-apartments-los-angeles-ca/wc9jk6j/,1.0,1.0,1000.0,1925.0
https://www.apartments.com/santa-rosalia-apartment-homes-los-angeles-ca/kypgg28/,1.0,1.0,690.0,1595.0
https://www.apartments.com/santa-rosalia-apartment-homes-los-angeles-ca/kypgg28/,2.0,1.0,820.0,1795.0
https://www.apartments.com/ladera-townhouse-los-angeles-ca/5ep4zrq/,2.0,1.0,810.0,1855.0
https://www.apartments.com/versailles-koreatown-los-angeles-ca/ev8dspm/,1.0,1.0,728.0,2338.0
https://www.apartments.com/pacific-place-los-angeles-ca/mzm6e2l/,0.0,1.0,743.0,2288.0
https://www.apartments.com/pacific-place-los-angeles-ca/mzm6e2l/,1.0,1.0,759.0,2174.0
https://www.apartments.com/ariel-court-apts-los-angeles-ca/3flbt1f/,1.0,1.0,710.0,1899.0
https://www.apartments.com/avant-los-angeles-ca/dzvg37h/,1.0,1.0,708.0,2013.0
https://www.apartments.com/kingsley-tower-apartments-los-angeles-ca/1tz49x4/,1.0,1.0,967.0,2095.0
https://www.apartments.com/kingsley-tower-apartments-los-angeles-ca/1tz49x4/,2.0,2.0,1163.0,2535.0
https://www.apartments.com/casa-de-marina-apartments-los-angeles-ca/6h8nmmt/,1.0,1.0,721.0,2195.0
https://www.apartments.com/casa-de-marina-apartments-los-angeles-ca/6h8nmmt/,2.0,1.0,923.0,2495.0
https://www.apartments.com/555-barrington-los-angeles-ca/b31wdhb/,1.0,1.0,987.0,3495.0
https://www.apartments.com/555-barrington-los-angeles-ca/b31wdhb/,2.0,2.0,1410.0,4380.0
https://www.apartments.com/essex-properties-at-miracle-mile-los-angeles-ca/yyd2njr/,1.0,1.0,716.0,1922.0
https://www.apartments.com/essex-properties-at-miracle-mile-los-angeles-ca/yyd2njr/,2.0,2.0,1027.0,2637.0
https://www.apartments.com/metro-art-brentwood-los-angeles-ca/595p8zq/,2.0,2.0,1519.0,4579.0
https://www.apartments.com/metro-art-brentwood-los-angeles-ca/595p8zq/,3.0,2.0,1565.0,5595.0
https://www.apartments.com/the-lofts-at-the-security-building-los-angeles-ca/zm9pqvx/,0.0,1.0,509.0,1585.0
https://www.apartments.com/the-lofts-at-the-security-building-los-angeles-ca/zm9pqvx/,0.0,2.0,833.0,1915.0
https://www.apartments.com/the-lofts-at-the-security-building-los-angeles-ca/zm9pqvx/,2.0,2.0,1160.0,2740.0
https://www.apartments.com/ambassador-towers-los-angeles-ca/kgnh62c/,1.0,1.0,950.0,2075.0
https://www.apartments.com/ambassador-towers-los-angeles-ca/kgnh62c/,2.0,2.0,1150.0,3020.0
https://www.apartments.com/hikari-los-angeles-ca/gwhdc1w/,0.0,1.0,516.0,1725.0
https://www.apartments.com/hollywood-ardmore-los-angeles-ca/vfcy3wd/,1.0,1.0,931.0,3220.0
https://www.apartments.com/be-dtla-los-angeles-ca/m6z036j/,2.0,1.0,747.0,2755.0
https://www.apartments.com/be-dtla-los-angeles-ca/m6z036j/,2.0,2.0,1234.0,3264.0
https://www.apartments.com/be-dtla-los-angeles-ca/m6z036j/,3.0,2.0,1318.0,3327.0
https://www.apartments.com/the-met-los-angeles-ca/02em8r1/,2.0,2.0,1050.0,2700.0
https://www.apartments.com/901-hancock-lofts-west-hollywood-ca/gnbs2cz/,1.0,1.0,1043.0,4650.0
https://www.apartments.com/1111-wilshire-los-angeles-ca/wjz543l/,0.0,1.0,608.0,1780.0
https://www.apartments.com/1111-wilshire-los-angeles-ca/wjz543l/,1.0,1.0,828.0,2615.0
https://www.apartments.com/1111-wilshire-los-angeles-ca/wjz543l/,2.0,1.0,971.0,2385.0
https://www.apartments.com/10022-culver-blvd-culver-city-ca/03qhcm2/,1.0,1.0,657.0,2875.0
https://www.apartments.com/10022-culver-blvd-culver-city-ca/03qhcm2/,2.0,1.0,657.0,3475.0
https://www.apartments.com/catalina-apartments-los-angeles-ca/cs0w6pd/,1.0,1.0,500.0,1900.0
https://www.apartments.com/catalina-apartments-los-angeles-ca/cs0w6pd/,2.0,2.0,930.0,2450.0
https://www.apartments.com/seaport-homes-luxury-homes-townhouses-san-pedro-ca/wskx2xl/,2.0,2.0,1057.0,2550.0
https://www.apartments.com/seaport-homes-luxury-homes-townhouses-san-pedro-ca/wskx2xl/,3.0,3.0,1484.0,3400.0
https://www.apartments.com/cielo-panorama-city-ca/bp5h2w8/,0.0,1.0,500.0,1435.0
https://www.apartments.com/the-westerly-on-lincoln-marina-del-rey-ca/h9wqw70/,0.0,1.0,380.0,2098.0
https://www.apartments.com/the-westerly-on-lincoln-marina-del-rey-ca/h9wqw70/,2.0,1.0,830.0,2570.0
https://www.apartments.com/the-medallion-los-angeles-ca/p429j9r/,0.0,1.0,617.0,2031.0
https://www.apartments.com/the-medallion-los-angeles-ca/p429j9r/,2.0,2.0,984.0,2645.0
https://www.apartments.com/tierra-del-rey-marina-del-rey-ca/gl53nfw/,1.0,1.0,774.0,2930.0
https://www.apartments.com/clarendon-woodland-hills-ca/r7528n1/,0.0,1.0,634.0,2068.0
https://www.apartments.com/summit-at-warner-center-woodland-hills-ca/zw6s1zy/,2.0,2.5,1176.0,2718.0
https://www.apartments.com/summit-at-warner-center-woodland-hills-ca/zw6s1zy/,3.0,3.0,1430.0,3533.0
https://www.apartments.com/bay-street-garden-apartments-santa-monica-ca/bnewfdb/,2.0,1.0,1100.0,3295.0
https://www.apartments.com/bay-street-garden-apartments-santa-monica-ca/bnewfdb/,1.0,1.0,900.0,2550.0
https://www.apartments.com/villas-at-playa-vista-montecito-playa-vista-ca/1r1yrb7/,2.0,2.0,1339.0,4445.0
https://www.apartments.com/belle-fontaine-marina-del-rey-ca/2m09dxb/,3.0,2.0,1447.0,4315.0
https://www.apartments.com/axiom-westwood-los-angeles-ca/w8vbp6l/,1.0,1.0,750.0,2074.0
https://www.apartments.com/the-tower-at-hollywood-hills-los-angeles-ca/mmg6dkj/,1.0,1.0,653.0,1935.0
https://www.apartments.com/https-1800whitleylaprospectportalcom-los-angeles-ca/r9wryp2/,2.0,2.0,1016.0,3142.0
https://www.apartments.com/https-1800whitleylaprospectportalcom-los-angeles-ca/r9wryp2/,3.0,3.0,1485.0,4619.0
https://www.apartments.com/pacific-rose-apartments-los-angeles-ca/c0qslpe/,2.0,2.0,1000.0,2390.0
https://www.apartments.com/moxie-clover-los-angeles-ca/5ym2gdn/,1.0,1.0,600.0,1965.0
https://www.apartments.com/franklin-plaza-los-angeles-ca/8qf81m1/,1.0,1.0,825.0,2395.0
https://www.apartments.com/franklin-plaza-los-angeles-ca/8qf81m1/,2.0,1.0,905.0,2695.0
https://www.apartments.com/inspire-colton-los-angeles-ca/tsqlvcc/,0.0,0.0,560.0,2268.0
https://www.apartments.com/inspire-colton-los-angeles-ca/tsqlvcc/,1.0,1.0,684.0,2772.0
https://www.apartments.com/inspire-colton-los-angeles-ca/tsqlvcc/,2.0,3.0,1363.0,3888.0
https://www.apartments.com/https-junction4121com-los-angeles-ca/4xx6nlh/,0.0,1.0,430.0,3209.0
https://www.apartments.com/vica-los-angeles-ca/kj2hzsc/,0.0,1.0,475.0,3250.0
https://www.apartments.com/vica-los-angeles-ca/kj2hzsc/,1.0,1.0,630.0,7200.0
https://www.apartments.com/vica-los-angeles-ca/kj2hzsc/,1.0,1.5,1006.0,4950.0
https://www.apartments.com/vica-los-angeles-ca/kj2hzsc/,2.0,2.0,1548.0,11750.0
https://www.apartments.com/vica-los-angeles-ca/kj2hzsc/,2.0,2.5,1083.0,5375.0
https://www.apartments.com/vica-los-angeles-ca/kj2hzsc/,3.0,2.0,1769.0,13700.0
https://www.apartments.com/vica-los-angeles-ca/kj2hzsc/,3.0,3.0,2192.0,16750.0
https://www.apartments.com/westside-los-angeles-ca/re2xyz3/,1.0,1.0,774.0,2587.0
https://www.apartments.com/gloria-homes-apartments-los-angeles-ca/f3ecfzr/,1.0,1.0,650.0,1595.0
https://www.apartments.com/gloria-homes-apartments-los-angeles-ca/f3ecfzr/,2.0,1.0,810.0,2050.0
https://www.apartments.com/westside-terrace-apartments-los-angeles-ca/0ml3c51/,0.0,1.0,357.0,1599.0
https://www.apartments.com/westside-terrace-apartments-los-angeles-ca/0ml3c51/,1.0,1.0,648.0,2299.0
https://www.apartments.com/westside-terrace-apartments-los-angeles-ca/0ml3c51/,2.0,2.0,925.0,2799.0
https://www.apartments.com/cherokee-apartments-los-angeles-ca/5v599ln/,0.0,1.0,225.0,1395.0
https://www.apartments.com/cherokee-apartments-los-angeles-ca/5v599ln/,1.0,1.0,625.0,1695.0
https://www.apartments.com/alex-court-apartments-los-angeles-ca/cvsbdtd/,0.0,1.0,436.0,1495.0
https://www.apartments.com/alex-court-apartments-los-angeles-ca/cvsbdtd/,1.0,1.0,636.0,1745.0
https://www.apartments.com/westwood-villa-los-angeles-ca/0cds1f3/,1.0,1.0,750.0,2029.0
https://www.apartments.com/westwood-villa-los-angeles-ca/0cds1f3/,0.0,1.0,550.0,1689.0
https://www.apartments.com/the-mercantile-los-angeles-ca/8cpm4f0/,0.0,1.0,1593.0,2700.0
https://www.apartments.com/president-apartments-los-angeles-ca/jc6pk54/,0.0,1.0,450.0,1325.0
https://www.apartments.com/president-apartments-los-angeles-ca/jc6pk54/,1.0,1.0,650.0,1575.0
https://www.apartments.com/the-broadway-lofts-los-angeles-ca/22zzxhb/,0.0,1.0,471.0,1800.0
https://www.apartments.com/the-broadway-lofts-los-angeles-ca/22zzxhb/,1.0,1.0,754.0,2250.0
https://www.apartments.com/the-broadway-lofts-los-angeles-ca/22zzxhb/,2.0,1.0,785.0,2700.0
https://www.apartments.com/the-broadway-lofts-los-angeles-ca/22zzxhb/,2.0,2.0,1524.0,3400.0
https://www.apartments.com/the-tailor-lofts-los-angeles-ca/tyjq019/,0.0,1.0,640.0,1200.0
https://www.apartments.com/the-tailor-lofts-los-angeles-ca/tyjq019/,1.0,1.0,1217.0,0.0
https://www.apartments.com/the-tailor-lofts-los-angeles-ca/tyjq019/,2.0,2.0,1223.0,1200.0
https://www.apartments.com/the-tailor-lofts-los-angeles-ca/tyjq019/,3.0,2.0,1141.0,0.0
https://www.apartments.com/the-tailor-lofts-los-angeles-ca/tyjq019/,4.0,2.0,1245.0,0.0
https://www.apartments.com/the-tailor-lofts-los-angeles-ca/tyjq019/,5.0,2.0,1908.0,1900.0
https://www.apartments.com/monterey-apartments-los-angeles-ca/nl3gxbq/,1.0,1.0,750.0,1695.0
https://www.apartments.com/monterey-apartments-los-angeles-ca/nl3gxbq/,2.0,2.0,1000.0,2250.0
https://www.apartments.com/monterey-apartments-los-angeles-ca/nl3gxbq/,0.0,1.0,600.0,0.0
https://www.apartments.com/marathon-apartments-los-angeles-ca/nglbcyp/,0.0,1.0,500.0,1695.0
https://www.apartments.com/marathon-apartments-los-angeles-ca/nglbcyp/,1.0,1.0,750.0,1945.0
https://www.apartments.com/meridian-hollywood-los-angeles-ca/lpqmk1e/,2.0,2.0,780.0,2375.0
https://www.apartments.com/cahuenga-place-formerly-hanna-barbera-studi-los-angeles-ca/3n6ybne/,2.0,2.0,1112.0,2750.0
https://www.apartments.com/cahuenga-place-formerly-hanna-barbera-studi-los-angeles-ca/3n6ybne/,1.0,1.0,900.0,2300.0
https://www.apartments.com/garment-lofts-los-angeles-ca/p4w3dxv/,0.0,1.0,695.0,1995.0
https://www.apartments.com/garment-lofts-los-angeles-ca/p4w3dxv/,2.0,1.0,1133.0,2850.0
https://www.apartments.com/archer-hollywood-los-angeles-ca/zrmncdx/,0.0,1.0,750.0,3370.0
https://www.apartments.com/archer-hollywood-los-angeles-ca/zrmncdx/,1.0,1.0,855.0,3640.0
https://www.apartments.com/archer-hollywood-los-angeles-ca/zrmncdx/,2.0,2.0,1243.0,4525.0
https://www.apartments.com/chateau-mansfield-los-angeles-ca/zyppqlz/,1.0,1.0,687.0,1870.0
https://www.apartments.com/chateau-mansfield-los-angeles-ca/zyppqlz/,2.0,2.0,925.0,2305.0
https://www.apartments.com/inspire-belmont-los-angeles-ca/y12edps/,2.0,2.0,1142.0,3875.0
https://www.apartments.com/hillside-terrace-los-angeles-ca/2wy1ce8/,1.0,1.0,900.0,1945.0
https://www.apartments.com/hillside-terrace-los-angeles-ca/2wy1ce8/,2.0,2.0,1400.0,2700.0
https://www.apartments.com/hollywood-off-vine-los-angeles-ca/h2pz1s0/,0.0,1.0,325.0,1575.0
https://www.apartments.com/hollywood-off-vine-los-angeles-ca/h2pz1s0/,1.0,1.0,488.0,1995.0
https://www.apartments.com/edgemont-banbury-manor-apartments-los-angeles-ca/p54j3st/,0.0,1.0,340.0,1275.0
https://www.apartments.com/edgemont-banbury-manor-apartments-los-angeles-ca/p54j3st/,1.0,1.0,520.0,1625.0
https://www.apartments.com/maxfield-lofts-los-angeles-ca/qtmfpcz/,0.0,1.0,571.0,1610.0
https://www.apartments.com/maxfield-lofts-los-angeles-ca/qtmfpcz/,1.0,1.0,689.0,2080.0
https://www.apartments.com/playa-jefferson-los-angeles-ca/tgygy38/,0.0,1.0,400.0,1700.0
https://www.apartments.com/playa-jefferson-los-angeles-ca/tgygy38/,1.0,1.0,650.0,2100.0
https://www.apartments.com/playa-jefferson-los-angeles-ca/tgygy38/,2.0,2.0,1100.0,2700.0
https://www.apartments.com/eleve-lofts-and-skydeck-glendale-ca/mh73k3k/,2.0,2.0,1125.0,2683.0
https://www.apartments.com/carlton-way-towers-los-angeles-ca/q21ehcz/,2.0,2.0,875.0,2395.0
https://www.apartments.com/carlton-way-towers-los-angeles-ca/q21ehcz/,3.0,2.5,1320.0,3000.0
https://www.apartments.com/chateau-alto-nido-apartments-los-angeles-ca/5cvr03q/,0.0,1.0,570.0,1695.0
https://www.apartments.com/chateau-alto-nido-apartments-los-angeles-ca/5cvr03q/,1.0,1.0,875.0,1825.0
https://www.apartments.com/luna-los-angeles-ca/0lslp30/,0.0,1.0,547.0,1995.0
https://www.apartments.com/luna-los-angeles-ca/0lslp30/,1.0,1.0,590.0,2295.0
https://www.apartments.com/luna-los-angeles-ca/0lslp30/,2.0,2.0,956.0,3145.0
https://www.apartments.com/the-shores-santa-monica-ca/7pllg2w/,1.0,1.0,755.0,3683.0
https://www.apartments.com/forty55-lofts-marina-del-rey-ca/ncslhfp/,1.0,1.0,915.0,3653.0
https://www.apartments.com/forty55-lofts-marina-del-rey-ca/ncslhfp/,2.0,2.0,1282.0,4059.0
https://www.apartments.com/lanewood-pines-hollywood-ca/l4pz0md/,2.0,2.0,1136.0,2222.0
https://www.apartments.com/alura-woodland-hills-ca/rlf0931/,1.0,1.0,623.0,1999.0
https://www.apartments.com/alura-woodland-hills-ca/rlf0931/,2.0,1.0,762.0,2501.0
https://www.apartments.com/alura-woodland-hills-ca/rlf0931/,0.0,1.0,457.0,1649.0
https://www.apartments.com/summerset-village-chatsworth-ca/c3hehqf/,1.0,1.0,748.0,2073.0
https://www.apartments.com/west-hollywood-vista-apartments-los-angeles-ca/3vsr05g/,1.0,1.0,800.0,2050.0
https://www.apartments.com/west-hollywood-vista-apartments-los-angeles-ca/3vsr05g/,2.0,2.0,1050.0,2700.0
https://www.apartments.com/lanewood-court-apartments-los-angeles-ca/z5t0s9z/,2.0,2.0,1100.0,2995.0
https://www.apartments.com/la-mirada-plaza-apartments-los-angeles-ca/hl20yc1/,2.0,2.0,1100.0,2400.0
https://www.apartments.com/las-palmas-apartments-los-angeles-ca/9vk6eq6/,0.0,1.0,1005.0,1975.0
https://www.apartments.com/las-palmas-apartments-los-angeles-ca/9vk6eq6/,2.0,2.0,858.0,2395.0
https://www.apartments.com/tuscany-apartments-student-living-los-angeles-ca/w0tt0rj/,1.0,1.0,660.0,0.0
https://www.apartments.com/tuscany-apartments-student-living-los-angeles-ca/w0tt0rj/,3.0,3.0,1147.0,1055.0
https://www.apartments.com/the-union-building-los-angeles-ca/vpqr8me/,1.0,1.0,904.0,2700.0
https://www.apartments.com/the-union-building-los-angeles-ca/vpqr8me/,2.0,2.0,1358.0,3100.0
https://www.apartments.com/the-union-building-los-angeles-ca/vpqr8me/,2.0,2.5,1358.0,3100.0
https://www.apartments.com/hoover-hilltop-los-angeles-ca/qbn3jhz/,2.0,2.0,1025.0,2295.0
https://www.apartments.com/hoover-hilltop-los-angeles-ca/qbn3jhz/,1.0,1.0,750.0,1750.0
https://www.apartments.com/706-n-alvarado-st-los-angeles-ca/17z8d14/,0.0,1.0,484.0,0.0
https://www.apartments.com/706-n-alvarado-st-los-angeles-ca/17z8d14/,1.0,1.0,606.0,0.0
https://www.apartments.com/706-n-alvarado-st-los-angeles-ca/17z8d14/,2.0,1.0,805.0,0.0
https://www.apartments.com/seven-west-apartments-los-angeles-ca/nkck5vn/,0.0,1.0,659.0,1995.0
https://www.apartments.com/4136-grandview-los-angeles-ca/2vr2r28/,1.0,1.0,600.0,2120.0
https://www.apartments.com/noho-5500-north-hollywood-ca/c6tjwbe/,0.0,1.0,531.0,1900.0
https://www.apartments.com/noho-5500-north-hollywood-ca/c6tjwbe/,1.0,1.0,565.0,1995.0
https://www.apartments.com/noho-5500-north-hollywood-ca/c6tjwbe/,2.0,2.0,980.0,2795.0
https://www.apartments.com/campus-crossing-apartments-northridge-ca/d94egjk/,2.0,2.0,1040.0,2295.0
https://www.apartments.com/northpoint-apartments-at-csun-northridge-ca/ney6bdn/,2.0,2.0,1090.0,2625.0
https://www.apartments.com/meadows-apartments-culver-city-ca/zrj6f6z/,0.0,1.0,445.0,1621.0
https://www.apartments.com/meadows-apartments-culver-city-ca/zrj6f6z/,1.0,2.0,1012.0,2281.0
https://www.apartments.com/meadows-apartments-culver-city-ca/zrj6f6z/,2.0,2.0,1087.0,2327.0
https://www.apartments.com/maravilla-apartments-at-csun-northridge-ca/7htn3hz/,2.0,2.0,1200.0,0.0
https://www.apartments.com/maravilla-apartments-at-csun-northridge-ca/7htn3hz/,3.0,2.0,1450.0,0.0
https://www.apartments.com/canterbury-court-apartments-culver-city-ca/ldb4gzf/,1.0,1.0,795.0,2450.0
https://www.apartments.com/canterbury-court-apartments-culver-city-ca/ldb4gzf/,3.0,2.0,1175.0,3600.0
https://www.apartments.com/amli-warner-center-woodland-hills-ca/mx3h5dl/,1.0,1.0,877.0,2389.0
https://www.apartments.com/amli-warner-center-woodland-hills-ca/mx3h5dl/,2.0,2.0,1103.0,2650.0
https://www.apartments.com/amli-warner-center-woodland-hills-ca/mx3h5dl/,3.0,2.0,1375.0,3704.0
https://www.apartments.com/terrena-apartment-homes-northridge-ca/ne6zfjq/,1.0,1.0,823.0,0.0
https://www.apartments.com/terrena-apartment-homes-northridge-ca/ne6zfjq/,2.0,2.0,1161.0,0.0
https://www.apartments.com/terrena-apartment-homes-northridge-ca/ne6zfjq/,0.0,1.0,612.0,0.0
https://www.apartments.com/terrena-apartment-homes-northridge-ca/ne6zfjq/,2.0,1.0,1046.0,2510.0
https://www.apartments.com/city-view-apartments-at-warner-center-woodland-hills-ca/yp913lt/,1.0,1.0,557.0,1925.0
https://www.apartments.com/city-view-apartments-at-warner-center-woodland-hills-ca/yp913lt/,2.0,1.0,847.0,2350.0
https://www.apartments.com/city-view-apartments-at-warner-center-woodland-hills-ca/yp913lt/,3.0,2.0,1157.0,2950.0
https://www.apartments.com/metro-art-sherman-oaks-sherman-oaks-ca/bbpwqfc/,1.0,1.0,830.0,2495.0
https://www.apartments.com/metro-art-sherman-oaks-sherman-oaks-ca/bbpwqfc/,2.0,2.0,1135.0,3745.0
https://www.apartments.com/villa-francisca-west-hollywood-ca/09wbey1/,0.0,1.0,510.0,2099.0
https://www.apartments.com/villa-francisca-west-hollywood-ca/09wbey1/,1.0,1.0,770.0,2799.0
https://www.apartments.com/the-flats-on-addison-sherman-oaks-ca/bws420c/,1.0,1.0,800.0,1995.0
https://www.apartments.com/the-flats-on-addison-sherman-oaks-ca/bws420c/,2.0,2.0,1050.0,2345.0
https://www.apartments.com/access-culver-city-culver-city-ca/mffrd0l/,0.0,1.0,607.0,2662.0
https://www.apartments.com/americana-warner-center-canoga-park-ca/ctmlvtf/,2.0,1.0,762.0,1995.0
https://www.apartments.com/americana-warner-center-canoga-park-ca/ctmlvtf/,1.0,1.0,623.0,1700.0
https://www.apartments.com/the-brand-glendale-ca/vwncwhe/,0.0,1.0,652.0,1880.0
https://www.apartments.com/the-brand-glendale-ca/vwncwhe/,1.0,1.0,768.0,2370.0
https://www.apartments.com/blu-beverly-hills-beverly-hills-ca/8857071/,1.0,1.0,786.0,3995.0
https://www.apartments.com/blu-beverly-hills-beverly-hills-ca/8857071/,2.0,2.0,1253.0,5995.0
https://www.apartments.com/the-encore-sherman-oaks-ca/1nse0n5/,0.0,1.0,475.0,1699.0
https://www.apartments.com/the-encore-sherman-oaks-ca/1nse0n5/,1.0,1.0,610.0,1921.0
https://www.apartments.com/the-encore-sherman-oaks-ca/1nse0n5/,2.0,2.0,910.0,2325.0
https://www.apartments.com/imt-belasera-at-superior-northridge-ca/ep15vgq/,2.0,2.0,1607.0,2750.0
https://www.apartments.com/imt-belasera-at-superior-northridge-ca/ep15vgq/,5.0,4.0,3200.0,4500.0
https://www.apartments.com/the-boulevard-woodland-hills-ca/30t3g3g/,0.0,1.0,564.0,2521.0
https://www.apartments.com/the-boulevard-woodland-hills-ca/30t3g3g/,0.0,2.0,1190.0,3461.0
https://www.apartments.com/the-boulevard-woodland-hills-ca/30t3g3g/,3.0,2.0,1361.0,3314.0
https://www.apartments.com/rockwood-at-the-cascades-sylmar-ca/vten4bg/,2.0,1.0,901.0,2326.0
https://www.apartments.com/the-alexio-west-hollywood-ca/qwnv9ky/,0.0,1.0,560.0,1675.0
https://www.apartments.com/the-alexio-west-hollywood-ca/qwnv9ky/,1.0,1.0,745.0,1925.0
https://www.apartments.com/the-line-lofts-hollywood-ca/rspqcx2/,0.0,1.0,731.0,2672.0
https://www.apartments.com/dolphin-marina-apartments-marina-del-rey-ca/f4753vv/,0.0,1.0,650.0,2169.0
https://www.apartments.com/dolphin-marina-apartments-marina-del-rey-ca/f4753vv/,1.0,1.0,1000.0,2429.0
https://www.apartments.com/villas-at-playa-vista-sausalito-playa-vista-ca/x8h5thq/,2.0,2.0,1225.0,4125.0
https://www.apartments.com/portofino-townhomes-wilmington-ca/96znhk7/,1.0,1.0,575.0,2068.0
https://www.apartments.com/portofino-townhomes-wilmington-ca/96znhk7/,3.0,2.5,1465.0,3228.0
https://www.apartments.com/belle-fontaine-marina-del-rey-ca/2m09dxb/,3.0,2.0,1447.0,4315.0
https://www.apartments.com/pearl-marina-del-rey-ca/vm6eqxf/,0.0,1.0,460.0,1856.0
https://www.apartments.com/pearl-marina-del-rey-ca/vm6eqxf/,1.0,1.0,664.0,2326.0
https://www.apartments.com/pearl-marina-del-rey-ca/vm6eqxf/,2.0,2.0,988.0,3014.0
https://www.apartments.com/artisan-square-northridge-ca/rejzss2/,2.0,2.0,1196.0,2776.0
https://www.apartments.com/artisan-square-northridge-ca/rejzss2/,1.0,1.0,809.0,2209.0
https://www.apartments.com/kenwood-mews-burbank-ca/s439nr7/,1.0,1.0,770.0,2040.0
https://www.apartments.com/kenwood-mews-burbank-ca/s439nr7/,2.0,2.0,983.0,2420.0
https://www.apartments.com/kenwood-mews-burbank-ca/s439nr7/,1.0,2.0,946.0,2228.0
https://www.apartments.com/empire-at-norton-luxury-residences-west-hollywood-ca/15z3tv6/,2.0,2.0,1300.0,5400.0
https://www.apartments.com/empire-at-norton-luxury-residences-west-hollywood-ca/15z3tv6/,3.0,2.5,2070.0,8500.0
https://www.apartments.com/oxnard-apartments-van-nuys-ca/29wxgrb/,1.0,1.0,604.0,1600.0
https://www.apartments.com/oxnard-apartments-van-nuys-ca/29wxgrb/,2.0,2.0,604.0,0.0
https://www.apartments.com/enzo-sherman-oaks-ca/zn0gnsz/,2.0,2.0,1500.0,3300.0
https://www.apartments.com/la-ventana-west-hollywood-ca/9gttgm7/,2.0,2.0,1277.0,3495.0
https://www.apartments.com/forty6twenty-apartments-culver-city-ca/0h5m5s3/,1.0,1.0,635.0,1995.0
https://www.apartments.com/forty6twenty-apartments-culver-city-ca/0h5m5s3/,2.0,1.0,729.0,2395.0
https://www.apartments.com/empire-at-burton-way-luxury-residences-beverly-hills-ca/6xkb1dr/,1.0,1.0,1100.0,5800.0
https://www.apartments.com/empire-at-burton-way-luxury-residences-beverly-hills-ca/6xkb1dr/,2.0,2.0,1500.0,7850.0
https://www.apartments.com/fourth-street-apartments-santa-monica-ca/156bjf5/,0.0,1.0,493.0,2025.0
https://www.apartments.com/la-nouvelle-apartments-north-hollywood-ca/1tl71t4/,1.0,1.0,900.0,1750.0
https://www.apartments.com/the-summit-on-woodman-van-nuys-ca/rn1s2k1/,2.0,2.0,840.0,2459.0
https://www.apartments.com/the-summit-on-woodman-van-nuys-ca/rn1s2k1/,3.0,2.0,1060.0,2864.0
https://www.apartments.com/village-house-north-hollywood-ca/vj09eyd/,1.0,1.0,708.0,0.0
https://www.apartments.com/village-house-north-hollywood-ca/vj09eyd/,2.0,2.0,708.0,0.0
https://www.apartments.com/lankershim-apartments-north-hollywood-ca/eqwphep/,0.0,1.0,589.0,1395.0
https://www.apartments.com/lankershim-apartments-north-hollywood-ca/eqwphep/,1.0,1.0,750.0,1695.0
https://www.apartments.com/3855-by-clg-culver-city-ca/86xp2s1/,0.0,1.0,640.0,2073.0
https://www.apartments.com/3855-by-clg-culver-city-ca/86xp2s1/,1.0,1.0,660.0,2536.0
https://www.apartments.com/10240-commerce-ave-tujunga-ca/d2m2jxl/,1.0,1.0,600.0,1995.0
https://www.apartments.com/10240-commerce-ave-tujunga-ca/d2m2jxl/,2.0,2.0,909.0,2395.0
https://www.apartments.com/10240-commerce-ave-tujunga-ca/d2m2jxl/,3.0,2.0,1134.0,2795.0
https://www.apartments.com/golden-oaks-apartments-south-pasadena-ca/k50s3lb/,1.0,1.0,610.0,2275.0
https://www.apartments.com/golden-oaks-apartments-south-pasadena-ca/k50s3lb/,2.0,1.0,778.0,2950.0
https://www.apartments.com/regency-apartments-sherman-oaks-ca/g555ytz/,1.0,1.0,725.0,1695.0
https://www.apartments.com/regency-apartments-sherman-oaks-ca/g555ytz/,2.0,1.0,910.0,1995.0
https://www.apartments.com/regency-apartments-sherman-oaks-ca/g555ytz/,2.0,2.0,985.0,2195.0
https://www.apartments.com/the-stanford-west-santa-monica-ca/jn79p25/,1.0,1.0,620.0,2950.0
https://www.apartments.com/the-stanford-west-santa-monica-ca/jn79p25/,2.0,1.0,855.0,3395.0
https://www.apartments.com/the-stanford-west-santa-monica-ca/jn79p25/,2.0,2.0,1087.0,4250.0
https://www.apartments.com/the-stanford-west-santa-monica-ca/jn79p25/,3.0,2.0,1025.0,4595.0
https://www.apartments.com/diplomat-park-apartments-valley-village-ca/86e50m3/,1.0,1.0,892.0,1949.0
https://www.apartments.com/diplomat-park-apartments-valley-village-ca/86e50m3/,2.0,2.0,1016.0,2399.0
https://www.apartments.com/whitley-house-apartments-los-angeles-ca/4hpz1xh/,0.0,1.0,500.0,1550.0
https://www.apartments.com/whitley-house-apartments-los-angeles-ca/4hpz1xh/,1.0,1.0,550.0,1395.0
https://www.apartments.com/century-prime-apartments-los-angeles-ca/sxcsht5/,2.0,2.0,1070.0,3650.0
https://www.apartments.com/century-prime-apartments-los-angeles-ca/sxcsht5/,1.0,1.0,706.0,2850.0
https://www.apartments.com/vida-studio-city-ca/2npld49/,1.0,1.0,692.0,2515.0
https://www.apartments.com/vida-studio-city-ca/2npld49/,1.0,1.5,1188.0,3850.0
https://www.apartments.com/vida-studio-city-ca/2npld49/,2.0,2.0,840.0,3125.0
https://www.apartments.com/the-jasmine-collection-los-angeles-ca/g97h6vw/,1.0,1.0,785.0,2695.0
https://www.apartments.com/rochester-apartments-los-angeles-ca/z85sd2x/,1.0,1.0,800.0,2605.0
https://www.apartments.com/camden-avenue-los-angeles-ca/1vyfyw5/,2.0,2.0,785.0,2365.0
https://www.apartments.com/wilshire-royale-apartments-los-angeles-ca/p43ch9s/,0.0,1.0,540.0,1475.0
https://www.apartments.com/wilshire-royale-apartments-los-angeles-ca/p43ch9s/,1.0,1.0,825.0,1735.0
https://www.apartments.com/blu-on-burns-los-angeles-ca/fffqtgr/,1.0,1.0,565.0,1899.0
https://www.apartments.com/terrace-trousdale-apartments-los-angeles-ca/4d5lmgl/,2.0,2.0,905.0,2549.0
https://www.apartments.com/chelsea-court-apartments-los-angeles-ca/sntn0z5/,1.0,1.0,1156.0,2840.0
https://www.apartments.com/metro-art-west-hollywood-los-angeles-ca/cdgztbe/,2.0,2.0,1100.0,2975.0
https://www.apartments.com/350-north-palm-drive-beverly-hills-ca/ez6f4jn/,2.0,2.5,1600.0,4300.0
https://www.apartments.com/350-north-palm-drive-beverly-hills-ca/ez6f4jn/,2.0,2.0,1800.0,4500.0
https://www.apartments.com/nash-on-normal-los-angeles-ca/294mbg8/,1.0,1.0,678.0,2350.0
https://www.apartments.com/the-parkway-los-angeles-ca/85ej0d0/,1.0,1.0,680.0,2395.0
https://www.apartments.com/the-brentwood-tuscany-los-angeles-ca/565dn2n/,0.0,1.0,460.0,1845.0
https://www.apartments.com/the-brentwood-tuscany-los-angeles-ca/565dn2n/,2.0,2.0,1050.0,2995.0
https://www.apartments.com/glen-arbor-villas-los-angeles-ca/deq7szk/,1.0,1.0,904.0,2375.0
https://www.apartments.com/glen-arbor-villas-los-angeles-ca/deq7szk/,2.0,2.0,1465.0,2700.0
https://www.apartments.com/el-cerrito-apartments-los-angeles-ca/xyxl4qm/,0.0,1.0,600.0,1600.0
https://www.apartments.com/el-cerrito-apartments-los-angeles-ca/xyxl4qm/,1.0,1.0,850.0,1800.0
https://www.apartments.com/10608-santa-monica-blvd-los-angeles-ca/66d116t/,2.0,2.0,956.0,3495.0
https://www.apartments.com/10608-santa-monica-blvd-los-angeles-ca/66d116t/,3.0,3.0,1356.0,4195.0
https://www.apartments.com/century-glen-apartments-los-angeles-ca/ty36xq9/,1.0,1.0,800.0,2400.0
https://www.apartments.com/century-glen-apartments-los-angeles-ca/ty36xq9/,2.0,2.0,1200.0,3000.0
https://www.apartments.com/908-s-shenandoah-st-los-angeles-ca/g7ehrzw/,2.0,2.0,1100.0,2595.0
https://www.apartments.com/1800-n-kingsley-dr-los-angeles-ca/98dl214/,1.0,1.0,550.0,1995.0
https://www.apartments.com/gayley-manor-apartments-los-angeles-ca/lp1ej2f/,0.0,1.0,432.0,1795.0
https://www.apartments.com/gayley-manor-apartments-los-angeles-ca/lp1ej2f/,1.0,1.0,676.0,2295.0
https://www.apartments.com/the-alex-los-angeles-ca/shd0wq4/,1.0,1.0,765.0,2345.0
https://www.apartments.com/the-alex-los-angeles-ca/shd0wq4/,2.0,2.0,1000.0,2795.0
https://www.apartments.com/the-alex-los-angeles-ca/shd0wq4/,3.0,2.0,1080.0,3195.0
https://www.apartments.com/levering-arms-apartments-los-angeles-ca/mmdmznk/,0.0,1.0,408.0,1795.0
https://www.apartments.com/burton-way-apartments-los-angeles-ca/zxy38hy/,2.0,2.0,1200.0,2695.0
https://www.apartments.com/brockton-avenue-apartments-los-angeles-ca/10dqej5/,1.0,1.0,715.0,1895.0
https://www.apartments.com/brockton-avenue-apartments-los-angeles-ca/10dqej5/,2.0,2.0,900.0,2450.0
https://www.apartments.com/rose-avenue-los-angeles-ca/teyxk6b/,1.0,1.0,753.0,2250.0
https://www.apartments.com/rose-avenue-los-angeles-ca/teyxk6b/,2.0,2.0,996.0,2995.0
https://www.apartments.com/gracie-on-gramercy-los-angeles-ca/583z2cn/,1.0,1.0,638.0,2707.0
https://www.apartments.com/535-north-hobart-los-angeles-ca/6vz4vcv/,2.0,1.0,700.0,2350.0
https://www.apartments.com/535-north-hobart-los-angeles-ca/6vz4vcv/,3.0,2.0,1150.0,3100.0
https://www.apartments.com/park-overland-apartments-los-angeles-ca/d28w5cl/,1.0,1.0,850.0,2750.0
https://www.apartments.com/468-south-roxbury-beverly-hills-ca/wz2k1bk/,1.0,1.0,1100.0,0.0
https://www.apartments.com/468-south-roxbury-beverly-hills-ca/wz2k1bk/,2.0,2.0,1231.0,0.0
https://www.apartments.com/bakman-apartments-north-hollywood-ca/eev9fkp/,1.0,1.0,800.0,1850.0
https://www.apartments.com/bakman-apartments-north-hollywood-ca/eev9fkp/,2.0,2.0,1000.0,2295.0
https://www.apartments.com/sylvan-apartments-van-nuys-ca/e4n69tq/,1.0,1.0,700.0,1800.0
https://www.apartments.com/sylvan-apartments-van-nuys-ca/e4n69tq/,2.0,1.0,800.0,2100.0
https://www.apartments.com/sylvan-apartments-van-nuys-ca/e4n69tq/,2.0,2.0,800.0,2245.0
https://www.apartments.com/summer-breeze-apartments-north-hollywood-ca/1r4s4c6/,1.0,1.0,650.0,1825.0
https://www.apartments.com/summer-breeze-apartments-north-hollywood-ca/1r4s4c6/,2.0,1.0,925.0,2175.0
https://www.apartments.com/summer-breeze-apartments-north-hollywood-ca/1r4s4c6/,2.0,2.0,945.0,2295.0
https://www.apartments.com/woodland-house-apartments-woodland-hills-ca/nykc4em/,1.0,1.0,815.0,1845.0
https://www.apartments.com/woodland-house-apartments-woodland-hills-ca/nykc4em/,2.0,2.0,1200.0,2245.0
https://www.apartments.com/the-woods-at-toluca-lake-burbank-ca/f5lv2pt/,0.0,1.0,504.0,1746.0
https://www.apartments.com/the-woods-at-toluca-lake-burbank-ca/f5lv2pt/,1.0,1.5,740.0,2209.0
https://www.apartments.com/villa-deste-west-hollywood-ca/6hex1zs/,3.0,2.0,1700.0,6850.0
https://www.apartments.com/edgemont-court-apartments-los-angeles-ca/flggdbv/,2.0,2.0,1100.0,2400.0
https://www.apartments.com/edgemont-court-apartments-los-angeles-ca/flggdbv/,1.0,1.0,600.0,1860.0
https://www.apartments.com/edgemont-court-apartments-los-angeles-ca/flggdbv/,2.0,2.5,1500.0,2450.0
https://www.apartments.com/the-summit-at-la-crescenta-la-crescenta-ca/sezyml6/,2.0,1.5,900.0,2315.0
https://www.apartments.com/the-summit-at-la-crescenta-la-crescenta-ca/sezyml6/,1.0,1.0,750.0,2055.0
https://www.apartments.com/10600-wilshire-los-angeles-ca/3qmd6yf/,1.0,1.0,974.0,2400.0
https://www.apartments.com/10600-wilshire-los-angeles-ca/3qmd6yf/,2.0,2.0,1170.0,3000.0
https://www.apartments.com/st-andrews-apartments-los-angeles-ca/mcwln8h/,1.0,1.0,800.0,0.0
https://www.apartments.com/st-andrews-apartments-los-angeles-ca/mcwln8h/,2.0,2.0,1100.0,2400.0
https://www.apartments.com/the-plaza-at-sherman-oaks-sherman-oaks-ca/lh4pbje/,0.0,1.0,419.0,1900.0
https://www.apartments.com/the-plaza-at-sherman-oaks-sherman-oaks-ca/lh4pbje/,1.0,1.0,659.0,2265.0
https://www.apartments.com/the-plaza-at-sherman-oaks-sherman-oaks-ca/lh4pbje/,2.0,2.0,864.0,3085.0
https://www.apartments.com/carillon-apartment-homes-woodland-hills-ca/efbp8rn/,1.0,1.0,968.0,0.0
https://www.apartments.com/carillon-apartment-homes-woodland-hills-ca/efbp8rn/,2.0,2.0,1191.0,0.0
https://www.apartments.com/carillon-apartment-homes-woodland-hills-ca/efbp8rn/,0.0,1.0,603.0,2013.0
https://www.apartments.com/hartford-apartments-los-angeles-ca/el0f4cq/,1.0,1.0,770.0,2195.0
https://www.apartments.com/vassar-terrace-canoga-park-ca/zde0dzw/,2.0,2.0,1125.0,1949.0
https://www.apartments.com/south-park-apartments-sherman-oaks-ca/06065b1/,1.0,1.0,700.0,1828.0
https://www.apartments.com/twin-palms-north-hollywood-ca/fkc70es/,0.0,1.0,500.0,1608.0
https://www.apartments.com/valleywood-apartments-northridge-ca/2r3xg0b/,2.0,2.0,978.0,2389.0
https://www.apartments.com/legacy-at-westglen-glendale-ca/chmdexd/,3.0,3.0,2000.0,2999.0
https://www.apartments.com/bluffside-gardens-apartments-studio-city-ca/99jfj74/,1.0,1.0,665.0,1650.0
https://www.apartments.com/bluffside-gardens-apartments-studio-city-ca/99jfj74/,2.0,2.0,985.0,2180.0
https://www.apartments.com/the-now-los-angeles-ca/lv8py7e/,1.0,1.0,700.0,0.0
https://www.apartments.com/the-now-los-angeles-ca/lv8py7e/,2.0,2.0,1000.0,0.0
https://www.apartments.com/veteran-los-angeles-ca/ss1wvf5/,0.0,1.0,390.0,1995.0
https://www.apartments.com/veteran-los-angeles-ca/ss1wvf5/,1.0,1.0,500.0,2275.0
https://www.apartments.com/veteran-los-angeles-ca/ss1wvf5/,2.0,2.0,980.0,2625.0
https://www.apartments.com/culver-lofts-los-angeles-ca/2vcp7nb/,0.0,1.0,650.0,2595.0
https://www.apartments.com/1426-s-wooster-st-los-angeles-ca/yz253ds/,2.0,2.0,1100.0,2600.0
https://www.apartments.com/1426-s-wooster-st-los-angeles-ca/yz253ds/,2.0,2.5,1900.0,3475.0
https://www.apartments.com/1426-s-wooster-st-los-angeles-ca/yz253ds/,3.0,2.5,1900.0,3775.0
https://www.apartments.com/casa-loma-la-apartments-los-angeles-ca/h4sjfv0/,0.0,1.0,250.0,1100.0
https://www.apartments.com/5340-blackwelder-street-los-angeles-ca/8qqtx42/,2.0,1.0,987.0,2150.0
https://www.apartments.com/villa-delle-stelle-los-angeles-ca/zres9py/,1.0,1.0,800.0,2800.0
https://www.apartments.com/villa-delle-stelle-los-angeles-ca/zres9py/,2.0,1.0,900.0,3800.0
https://www.apartments.com/beloit-avenue-apartments-los-angeles-ca/6906gtv/,0.0,1.0,350.0,1775.0
https://www.apartments.com/1924-pelham-ave-los-angeles-ca/4d4mprj/,3.0,2.0,1600.0,3990.0
https://www.apartments.com/enclave-apartments-los-angeles-ca/22ndmt9/,0.0,1.0,600.0,1850.0
https://www.apartments.com/enclave-apartments-los-angeles-ca/22ndmt9/,1.0,1.0,825.0,2195.0
https://www.apartments.com/enclave-apartments-los-angeles-ca/22ndmt9/,2.0,2.0,1000.0,2895.0
https://www.apartments.com/1178-w-24th-st-los-angeles-ca/exy22mm/,4.0,4.0,850.0,1150.0
https://www.apartments.com/casa-serrana-los-angeles-ca/yktxbrt/,0.0,1.0,368.0,1540.0
https://www.apartments.com/casa-serrana-los-angeles-ca/yktxbrt/,1.0,1.0,600.0,1820.0
https://www.apartments.com/the-summit-apartments-los-angeles-ca/pfxdkps/,1.0,1.0,610.0,1925.0
https://www.apartments.com/the-summit-apartments-los-angeles-ca/pfxdkps/,2.0,2.0,1045.0,2875.0
https://www.apartments.com/the-summit-apartments-los-angeles-ca/pfxdkps/,2.0,1.0,1040.0,2825.0
https://www.apartments.com/sawyer-los-angeles-ca/lcte0nf/,1.0,1.0,792.0,3170.0
https://www.apartments.com/sawyer-los-angeles-ca/lcte0nf/,2.0,2.0,1213.0,4490.0
https://www.apartments.com/villa-vicente-los-angeles-ca/03xsfe1/,0.0,1.0,350.0,1533.0
https://www.apartments.com/villa-vicente-los-angeles-ca/03xsfe1/,1.0,1.0,585.0,1969.0
https://www.apartments.com/park-gramercy-los-angeles-ca/exc9m8q/,0.0,1.0,400.0,1300.0
https://www.apartments.com/the-park-winona-los-angeles-ca/79lrgky/,0.0,1.0,500.0,1895.0
https://www.apartments.com/the-park-winona-los-angeles-ca/79lrgky/,1.0,1.0,686.0,2400.0
https://www.apartments.com/the-park-winona-los-angeles-ca/79lrgky/,2.0,2.0,890.0,3200.0
https://www.apartments.com/4325-berryman-ave-los-angeles-ca/pww1nrv/,1.0,1.0,600.0,2450.0
https://www.apartments.com/4311-alcove-ave-studio-city-ca/7ekqx1x/,2.0,2.5,1200.0,2295.0
https://www.apartments.com/815-mariposa-st-glendale-ca/mp2wqsl/,1.0,1.0,525.0,1615.0
https://www.apartments.com/5112-laurel-cyn-apartments-valley-village-ca/frbbthr/,1.0,1.0,850.0,1875.0
https://www.apartments.com/5112-laurel-cyn-apartments-valley-village-ca/frbbthr/,2.0,1.0,990.0,2250.0
https://www.apartments.com/kester-apartments-sherman-oaks-ca/7lk3cly/,2.0,1.0,980.0,2395.0
https://www.apartments.com/kester-apartments-sherman-oaks-ca/7lk3cly/,2.0,1.5,980.0,2525.0
https://www.apartments.com/ethel-avenue-apartments-studio-city-ca/4wrwnfj/,1.0,1.0,800.0,1995.0
https://www.apartments.com/230-s-hamilton-beverly-hills-ca/s8b75p4/,2.0,2.0,1400.0,5095.0
https://www.apartments.com/230-s-hamilton-beverly-hills-ca/s8b75p4/,3.0,2.5,1600.0,5495.0
https://www.apartments.com/whitley-lofts-hollywood-ca/b1kl1v9/,1.0,1.0,698.0,1800.0
https://www.apartments.com/whitley-lofts-hollywood-ca/b1kl1v9/,2.0,2.0,1050.0,2425.0
https://www.apartments.com/cedar-glen-north-hollywood-ca/82t57e0/,2.0,1.0,825.0,2350.0
https://www.apartments.com/cedar-glen-north-hollywood-ca/82t57e0/,3.0,2.0,1104.0,2795.0
https://www.apartments.com/chateau-vincennes-northridge-ca/s3pk264/,1.0,1.0,779.0,1750.0
https://www.apartments.com/park-dickens-van-nuys-ca/1m5tqd5/,1.0,1.0,650.0,1995.0
https://www.apartments.com/reseda-apartments-reseda-ca/nvv1fbn/,0.0,1.0,460.0,1398.0
https://www.apartments.com/the-studio-north-hollywood-ca/748qwfy/,0.0,1.0,1161.0,2750.0
https://www.apartments.com/gilmore-apartments-north-hollywood-north-hollywood-ca/z61mvhx/,1.0,1.0,700.0,1750.0
https://www.apartments.com/gilmore-hamlin-apartments-north-hollywood-ca/bbsqe1b/,1.0,1.0,767.0,1650.0
https://www.apartments.com/gilmore-hamlin-apartments-north-hollywood-ca/bbsqe1b/,2.0,2.0,965.0,1950.0
https://www.apartments.com/terraces-at-tarzana-tarzana-ca/zqhxdqz/,0.0,1.0,600.0,1512.0
https://www.apartments.com/terraces-at-tarzana-tarzana-ca/zqhxdqz/,1.0,1.0,750.0,1604.0
https://www.apartments.com/ascent-at-2512-kansas-apartments-santa-monica-ca/wvdxqsl/,3.0,2.0,1000.0,4200.0
https://www.apartments.com/vue-at-laurel-canyon-valley-village-ca/tbdkxkb/,1.0,1.0,592.0,1995.0
https://www.apartments.com/vue-at-laurel-canyon-valley-village-ca/tbdkxkb/,2.0,2.0,693.0,2555.0
https://www.apartments.com/village-pointe-apartments-northridge-ca/ptg2rps/,3.0,2.0,1130.0,2818.0
https://www.apartments.com/merridy-court-northridge-ca/btywkt8/,1.0,1.0,592.0,1695.0
https://www.apartments.com/barrington-avenue-apartment-homes-los-angeles-ca/3m2kt3e/,1.0,1.0,650.0,2325.0
https://www.apartments.com/527-washington-blvd-venice-ca/t7xw809/,2.0,1.5,1150.0,3995.0
https://www.apartments.com/willis-apartments-sherman-oaks-ca/mlxpc6l/,1.0,1.0,925.0,2160.0
https://www.apartments.com/willis-apartments-sherman-oaks-ca/mlxpc6l/,2.0,2.0,1560.0,2650.0
https://www.apartments.com/the-palms-apartments-gardena-ca/j9snmv6/,1.0,1.0,706.0,1825.0
https://www.apartments.com/the-palms-apartments-gardena-ca/j9snmv6/,2.0,2.0,1028.0,2150.0
https://www.apartments.com/glen-verdugo-glendale-ca/718vfsy/,2.0,1.0,966.0,2299.0
https://www.apartments.com/toluca-terrace-burbank-ca/clekmde/,2.0,2.0,860.0,2500.0
https://www.apartments.com/regency-manor-los-angeles-ca/r9m7wl0/,0.0,1.0,560.0,2450.0
https://www.apartments.com/regency-manor-los-angeles-ca/r9m7wl0/,1.0,1.0,650.0,2050.0
https://www.apartments.com/levering-apartments-los-angeles-ca/hs6gn80/,0.0,1.0,400.0,1795.0
https://www.apartments.com/levering-apartments-los-angeles-ca/hs6gn80/,1.0,1.0,600.0,2295.0
https://www.apartments.com/regency-manor-los-angeles-ca/r9m7wl0/,0.0,1.0,560.0,2450.0
https://www.apartments.com/regency-manor-los-angeles-ca/r9m7wl0/,1.0,1.0,650.0,2050.0
https://www.apartments.com/savoy-west-apartments-los-angeles-ca/wc9jk6j/,0.0,1.0,660.0,1710.0
https://www.apartments.com/savoy-west-apartments-los-angeles-ca/wc9jk6j/,1.0,1.0,1000.0,1925.0
https://www.apartments.com/catalina-apartments-los-angeles-ca/cs0w6pd/,1.0,1.0,500.0,1900.0
https://www.apartments.com/catalina-apartments-los-angeles-ca/cs0w6pd/,2.0,2.0,930.0,2450.0
https://www.apartments.com/the-met-los-angeles-ca/02em8r1/,2.0,2.0,1050.0,2700.0
https://www.apartments.com/9404-apartment-homes-los-angeles-ca/rn1mf20/,0.0,1.0,500.0,1790.0
https://www.apartments.com/universe-at-villa-edgemont-de-los-angeles-ca/1jsgw44/,0.0,1.0,420.0,1605.0
https://www.apartments.com/universe-at-villa-edgemont-de-los-angeles-ca/1jsgw44/,1.0,1.0,700.0,1805.0
https://www.apartments.com/universe-at-villa-edgemont-de-los-angeles-ca/1jsgw44/,2.0,1.0,1000.0,2599.0
https://www.apartments.com/gloria-homes-apartments-los-angeles-ca/f3ecfzr/,1.0,1.0,650.0,1595.0
https://www.apartments.com/gloria-homes-apartments-los-angeles-ca/f3ecfzr/,2.0,1.0,810.0,2050.0
https://www.apartments.com/lp-by-clg-los-angeles-ca/b634psc/,0.0,1.0,415.0,1495.0
https://www.apartments.com/lp-by-clg-los-angeles-ca/b634psc/,1.0,1.0,730.0,1920.0
https://www.apartments.com/beloit-avenue-apartments-los-angeles-ca/6906gtv/,0.0,1.0,350.0,1775.0
https://www.apartments.com/whitley-house-apartments-los-angeles-ca/4hpz1xh/,0.0,1.0,500.0,1550.0
https://www.apartments.com/whitley-house-apartments-los-angeles-ca/4hpz1xh/,1.0,1.0,550.0,1395.0
https://www.apartments.com/waterstone-at-metro-los-angeles-ca/ys7rgws/,1.0,1.0,670.0,2095.0
https://www.apartments.com/waterstone-at-metro-los-angeles-ca/ys7rgws/,2.0,2.0,852.0,2795.0
https://www.apartments.com/r3-lofts-by-clg-los-angeles-ca/7gxkvgy/,1.0,1.0,620.0,2395.0
https://www.apartments.com/rustic-villa-encino-ca/r03smv3/,1.0,1.0,850.0,1645.0
https://www.apartments.com/717-n-orlando-ave-west-hollywood-ca/5j7m7cm/,2.0,2.0,1150.0,4495.0
https://www.apartments.com/chase-apartments-2-bedrooms-30-days-free-northridge-ca/zb30vly/,2.0,2.0,1090.0,2285.0
https://www.apartments.com/366-burchett-st-glendale-ca/zqfgmtx/,2.0,2.0,953.0,2795.0
https://www.apartments.com/366-burchett-st-glendale-ca/zqfgmtx/,2.0,2.5,980.0,2895.0
https://www.apartments.com/366-burchett-st-glendale-ca/zqfgmtx/,2.0,1.5,1207.0,2995.0
https://www.apartments.com/366-burchett-st-glendale-ca/zqfgmtx/,4.0,3.5,2111.0,4995.0
https://www.apartments.com/chateau-woodley-hart-apartments-van-nuys-ca/1v3t2n5/,1.0,1.0,636.0,1775.0
https://www.apartments.com/chateau-woodley-hart-apartments-van-nuys-ca/1v3t2n5/,2.0,2.0,944.0,2210.0
https://www.apartments.com/zelzah-court-northridge-ca/0gy1rf0/,2.0,2.0,1044.0,2086.0
https://www.apartments.com/zelzah-court-northridge-ca/0gy1rf0/,1.0,1.0,754.0,1850.0
https://www.apartments.com/flats-on-elk-glendale-ca/q1pttnx/,1.0,1.0,750.0,1799.0
https://www.apartments.com/country-club-apartments-van-nuys-ca/7pemvtz/,0.0,1.0,500.0,1525.0
https://www.apartments.com/country-club-apartments-van-nuys-ca/7pemvtz/,1.0,1.0,730.0,1850.0
https://www.apartments.com/12203-moorpark-st-studio-city-91604-studio-city-ca/tkfgvt9/,2.0,2.0,958.0,3500.0
